starnix_core_lib_test,3166894
exe.unstripped/starnix_core_lib_test,3166894
starnix_core_lib_test.build-id.stamp,3166894
exe.unstripped/starnix_core_lib_test.rmeta,3166894
starnix_kernel,2036134
exe.unstripped/starnix_kernel,2036134
starnix_kernel.build-id.stamp,2036134
exe.unstripped/starnix_kernel.rmeta,2036134
starnix_modules_binderfs_lib_test,1577166
exe.unstripped/starnix_modules_binderfs_lib_test,1577166
starnix_modules_binderfs_lib_test.build-id.stamp,1577166
exe.unstripped/starnix_modules_binderfs_lib_test.rmeta,1577166
netstack3_instrumented_bin_test,1570937
exe.unstripped/netstack3_instrumented_bin_test,1570937
netstack3_instrumented_bin_test.build-id.stamp,1570937
exe.unstripped/netstack3_instrumented_bin_test.rmeta,1570937
fxfs_platform_lib_test,1378453
exe.unstripped/fxfs_platform_lib_test,1378453
fxfs_platform_lib_test.build-id.stamp,1378453
exe.unstripped/fxfs_platform_lib_test.rmeta,1378453
component_manager_src_model_tests,1363697
exe.unstripped/component_manager_src_model_tests,1363697
component_manager_src_model_tests.build-id.stamp,1363697
exe.unstripped/component_manager_src_model_tests.rmeta,1363697
starnix_runner_bin_test,1350879
exe.unstripped/starnix_runner_bin_test,1350879
starnix_runner_bin_test.build-id.stamp,1350879
exe.unstripped/starnix_runner_bin_test.rmeta,1350879
netstack3,1261425
exe.unstripped/netstack3,1261425
netstack3.build-id.stamp,1261425
exe.unstripped/netstack3.rmeta,1261425
starnix_runner,1217470
exe.unstripped/starnix_runner,1217470
starnix_runner.build-id.stamp,1217470
exe.unstripped/starnix_runner.rmeta,1217470
component_manager_bin_test,1198864
exe.unstripped/component_manager_bin_test,1198864
component_manager_bin_test.build-id.stamp,1198864
exe.unstripped/component_manager_bin_test.rmeta,1198864
netstack3-instrumented,1180840
exe.unstripped/netstack3-instrumented,1180840
netstack3-instrumented.build-id.stamp,1180840
exe.unstripped/netstack3-instrumented.rmeta,1180840
base_resolver_integration_fxblob_test,1152861
exe.unstripped/base_resolver_integration_fxblob_test,1152861
base_resolver_integration_fxblob_test.build-id.stamp,1152861
exe.unstripped/base_resolver_integration_fxblob_test.rmeta,1152861
starnix_kernel_runner_lib_test,1109802
exe.unstripped/starnix_kernel_runner_lib_test,1109802
starnix_kernel_runner_lib_test.build-id.stamp,1109802
exe.unstripped/starnix_kernel_runner_lib_test.rmeta,1109802
starnix_kernel_bin_test,1105325
exe.unstripped/starnix_kernel_bin_test,1105325
starnix_kernel_bin_test.build-id.stamp,1105325
exe.unstripped/starnix_kernel_bin_test.rmeta,1105325
recovery_ui_lib_test,1104081
exe.unstripped/recovery_ui_lib_test,1104081
recovery_ui_lib_test.build-id.stamp,1104081
exe.unstripped/recovery_ui_lib_test.rmeta,1104081
obj/src/connectivity/network/netstack3/bin_gub_lib.actual/libnetstack3.rlib,1007577
obj/src/connectivity/network/netstack3/bin_gub_lib.actual/libnetstack3.rmeta,1007577
system_recovery_fdr_bin_test,1006096
exe.unstripped/system_recovery_fdr_bin_test,1006096
system_recovery_fdr_bin_test.build-id.stamp,1006096
exe.unstripped/system_recovery_fdr_bin_test.rmeta,1006096
starnix_modules_loop_lib_test,947688
exe.unstripped/starnix_modules_loop_lib_test,947688
starnix_modules_loop_lib_test.build-id.stamp,947688
exe.unstripped/starnix_modules_loop_lib_test.rmeta,947688
test_realm_proxy_fxblob,943343
exe.unstripped/test_realm_proxy_fxblob,943343
test_realm_proxy_fxblob.build-id.stamp,943343
exe.unstripped/test_realm_proxy_fxblob.rmeta,943343
x64-asan-ubsan/obj/BUILD_DIR/fidling/gen/src/tests/benchmarks/fidl/benchmark_suite/benchmark_suite_fidl_union/cpp/fidl/test.benchmarkfidlunion/cpp/benchmark_suite_fidl_union_cpp.natural_types.cc.o,919304
obj/src/starnix/kernel/core/core.actual/libstarnix_core.rlib,860282
obj/src/starnix/kernel/core/core.actual/libstarnix_core.rmeta,860282
netstack3_bin_test,856379
exe.unstripped/netstack3_bin_test,856379
netstack3_bin_test.build-id.stamp,856379
exe.unstripped/netstack3_bin_test.rmeta,856379
fshost_integration_tests_fxfs_system_volume_manipulation_bin,813696
exe.unstripped/fshost_integration_tests_fxfs_system_volume_manipulation_bin,813696
fshost_integration_tests_fxfs_system_volume_manipulation_bin.build-id.stamp,813696
exe.unstripped/fshost_integration_tests_fxfs_system_volume_manipulation_bin.rmeta,813696
fshost_integration_tests_fxfs_general_bin,758621
exe.unstripped/fshost_integration_tests_fxfs_general_bin,758621
fshost_integration_tests_fxfs_general_bin.build-id.stamp,758621
exe.unstripped/fshost_integration_tests_fxfs_general_bin.rmeta,758621
x64-asan-ubsan/obj/BUILD_DIR/fidling/gen/src/tests/benchmarks/fidl/benchmark_suite/benchmark_suite_fidl/cpp/fidl/test.benchmarkfidl/cpp/benchmark_suite_fidl_cpp.wire_types.cc.o,754599
x64-asan-ubsan/obj/zircon/system/ulib/fbl/test/fbl-test.intrusive_hash_table_dll_tests.cc.o,751335
arm64-hwasan-ubsan/obj/BUILD_DIR/fidling/gen/src/tests/benchmarks/fidl/benchmark_suite/benchmark_suite_fidl/cpp/fidl/test.benchmarkfidl/cpp/benchmark_suite_fidl_cpp.natural_types.cc.o,741497
connect,739221
exe.unstripped/connect,739221
connect.build-id.stamp,739221
exe.unstripped/connect.rmeta,739221
fxfs_lib_test,725106
exe.unstripped/fxfs_lib_test,725106
fxfs_lib_test.build-id.stamp,725106
exe.unstripped/fxfs_lib_test.rmeta,725106
netstack3_ip_integration_test,723496
exe.unstripped/netstack3_ip_integration_test,723496
netstack3_ip_integration_test.build-id.stamp,723496
exe.unstripped/netstack3_ip_integration_test.rmeta,723496
x64-asan-ubsan/obj/BUILD_DIR/fidling/gen/src/tests/benchmarks/fidl/benchmark_suite/benchmark_suite_fidl_structfield/cpp/fidl/test.benchmarkfidlstructfield/cpp/benchmark_suite_fidl_structfield_cpp.wire_types.cc.o,717205
arm64-hwasan-ubsan/obj/BUILD_DIR/fidling/gen/src/tests/benchmarks/fidl/benchmark_suite/benchmark_suite_fidl_structfield/cpp/fidl/test.benchmarkfidlstructfield/cpp/benchmark_suite_fidl_structfield_cpp.wire_types.cc.o,675657
x64-asan-ubsan/obj/BUILD_DIR/fidling/gen/src/tests/benchmarks/fidl/benchmark_suite/benchmark_suite_fidl/cpp/fidl/test.benchmarkfidl/cpp/benchmark_suite_fidl_cpp.natural_types.cc.o,674476
arm64-hwasan-ubsan/obj/BUILD_DIR/fidling/gen/src/tests/benchmarks/fidl/benchmark_suite/benchmark_suite_fidl/cpp/fidl/test.benchmarkfidl/cpp/benchmark_suite_fidl_cpp.wire_types.cc.o,649063
obj/BUILD_DIR/fidling/gen/src/tests/benchmarks/fidl/benchmark_suite/benchmark_suite_fidl/cpp/fidl/test.benchmarkfidl/cpp/benchmark_suite_fidl_cpp.wire_types.cc.o,646136
base_resolver_fake_dependencies_fxblob_bin,630920
exe.unstripped/base_resolver_fake_dependencies_fxblob_bin,630920
base_resolver_fake_dependencies_fxblob_bin.build-id.stamp,630920
exe.unstripped/base_resolver_fake_dependencies_fxblob_bin.rmeta,630920
obj/BUILD_DIR/fidling/gen/src/tests/benchmarks/fidl/benchmark_suite/benchmark_suite_fidl_union/cpp/fidl/test.benchmarkfidlunion/cpp/benchmark_suite_fidl_union_cpp.natural_types.cc.o,624599
obj/BUILD_DIR/fidling/gen/src/tests/benchmarks/fidl/benchmark_suite/benchmark_suite_fidl_structfield/cpp/fidl/test.benchmarkfidlstructfield/cpp/benchmark_suite_fidl_structfield_cpp.wire_types.cc.o,615394
netstack3_device_integration_test,596031
exe.unstripped/netstack3_device_integration_test,596031
netstack3_device_integration_test.build-id.stamp,596031
exe.unstripped/netstack3_device_integration_test.rmeta,596031
obj/src/ui/tests/integration_input_tests/text-input/text-input-test.text-input-test.cc.o,589773
obj/src/ui/tests/integration_input_tests/mouse/mouse-input-test.mouse-input-test.cc.o,575537
x64-asan-ubsan/obj/BUILD_DIR/x64-asan-ubsan/gen/src/tests/benchmarks/fidl/cpp/benchmark_suite__union.gidl_generated_benchmark_suite__union.cc.o,569762
arm64-hwasan-ubsan/obj/BUILD_DIR/fidling/gen/src/tests/benchmarks/fidl/benchmark_suite/benchmark_suite_fidl_union/cpp/fidl/test.benchmarkfidlunion/cpp/benchmark_suite_fidl_union_cpp.natural_types.cc.o,559467
input_pipeline_lib_test,557402
exe.unstripped/input_pipeline_lib_test,557402
input_pipeline_lib_test.build-id.stamp,557402
exe.unstripped/input_pipeline_lib_test.rmeta,557402
netstack3_icmp_echo_integration_test,549175
exe.unstripped/netstack3_icmp_echo_integration_test,549175
netstack3_icmp_echo_integration_test.build-id.stamp,549175
exe.unstripped/netstack3_icmp_echo_integration_test.rmeta,549175
netstack3_filter_integration_test,533422
exe.unstripped/netstack3_filter_integration_test,533422
netstack3_filter_integration_test.build-id.stamp,533422
exe.unstripped/netstack3_filter_integration_test.rmeta,533422
starnix_modules_inotify_lib_test,526707
exe.unstripped/starnix_modules_inotify_lib_test,526707
starnix_modules_inotify_lib_test.build-id.stamp,526707
exe.unstripped/starnix_modules_inotify_lib_test.rmeta,526707
x64-asan-ubsan/obj/zircon/system/ulib/fbl/test/fbl-test.intrusive_hash_table_sll_tests.cc.o,524569
pkg_cache_bin_test,506402
exe.unstripped/pkg_cache_bin_test,506402
pkg_cache_bin_test.build-id.stamp,506402
exe.unstripped/pkg_cache_bin_test.rmeta,506402
component_manager_with_tracing_and_heapdump,471884
exe.unstripped/component_manager_with_tracing_and_heapdump,471884
component_manager_with_tracing_and_heapdump.build-id.stamp,471884
exe.unstripped/component_manager_with_tracing_and_heapdump.rmeta,471884
arm64-hwasan-ubsan/obj/zircon/system/ulib/fbl/test/fbl-test.intrusive_hash_table_dll_tests.cc.o,468582
network_unified_binary,459376
exe.unstripped/network_unified_binary,459376
network_unified_binary.build-id.stamp,459376
exe.unstripped/network_unified_binary.rmeta,459376
component_manager_with_tracing,456634
exe.unstripped/component_manager_with_tracing,456634
component_manager_with_tracing.build-id.stamp,456634
exe.unstripped/component_manager_with_tracing.rmeta,456634
arm64-hwasan-ubsan/obj/zircon/system/ulib/fbl/test/fbl-test.intrusive_hash_table_sll_tests.cc.o,454598
component_manager,447977
exe.unstripped/component_manager,447977
component_manager.build-id.stamp,447977
exe.unstripped/component_manager.rmeta,447977
arm64-hwasan-ubsan/obj/zircon/system/utest/core/pager-writeback/pager-writeback.pager-writeback.cc.o,396862
starnix_modules_perfetto_consumer_lib_test,381088
exe.unstripped/starnix_modules_perfetto_consumer_lib_test,381088
starnix_modules_perfetto_consumer_lib_test.build-id.stamp,381088
exe.unstripped/starnix_modules_perfetto_consumer_lib_test.rmeta,381088
sl4f_bin_test,361992
exe.unstripped/sl4f_bin_test,361992
sl4f_bin_test.build-id.stamp,361992
exe.unstripped/sl4f_bin_test.rmeta,361992
arm64-hwasan-ubsan/obj/zircon/system/ulib/fbl/test/fbl-test.intrusive_doubly_linked_list_tests.cc.o,361716
pkg_cache_integration_test,359760
exe.unstripped/pkg_cache_integration_test,359760
pkg_cache_integration_test.build-id.stamp,359760
exe.unstripped/pkg_cache_integration_test.rmeta,359760
arm64-hwasan-ubsan/obj/BUILD_DIR/arm64-hwasan-ubsan/gen/src/tests/benchmarks/fidl/cpp/benchmark_suite__union.gidl_generated_benchmark_suite__union.cc.o,357717
fxfs,357474
exe.unstripped/fxfs,357474
fxfs.build-id.stamp,357474
exe.unstripped/fxfs.rmeta,357474
host_x64-asan-ubsan/obj/zircon/system/ulib/fbl/test/fbl-test.intrusive_hash_table_dll_tests.cc.o,353368
starnix_modules_nmfs_lib_test,345192
exe.unstripped/starnix_modules_nmfs_lib_test,345192
starnix_modules_nmfs_lib_test.build-id.stamp,345192
exe.unstripped/starnix_modules_nmfs_lib_test.rmeta,345192
arm64-hwasan-ubsan/obj/zircon/system/ulib/fbl/test/fbl-test.intrusive_wavl_tree_tests.cc.o,327884
x64-asan-ubsan/obj/zircon/system/ulib/fbl/test/fbl-test.intrusive_doubly_linked_list_tests.cc.o,326863
fshost_integration_tests_fvm_minfs_general_bin,322609
exe.unstripped/fshost_integration_tests_fvm_minfs_general_bin,322609
fshost_integration_tests_fvm_minfs_general_bin.build-id.stamp,322609
exe.unstripped/fshost_integration_tests_fvm_minfs_general_bin.rmeta,322609
starnix_modules_selinuxfs_lib_test,319772
exe.unstripped/starnix_modules_selinuxfs_lib_test,319772
starnix_modules_selinuxfs_lib_test.build-id.stamp,319772
exe.unstripped/starnix_modules_selinuxfs_lib_test.rmeta,319772
arm64-hwasan-ubsan/obj/zircon/system/ulib/fbl/test/fbl-test.intrusive_sized_doubly_linked_list_tests.cc.o,319304
x64-asan-ubsan/obj/zircon/system/ulib/fbl/test/fbl-test.intrusive_wavl_tree_tests.cc.o,314985
host_x64-asan-ubsan/obj/zircon/system/ulib/fbl/test/fbl-test.intrusive_hash_table_sll_tests.cc.o,309131
fshost_integration_tests_fvm_minfs_no_zxcrypt_general_bin,299650
exe.unstripped/fshost_integration_tests_fvm_minfs_no_zxcrypt_general_bin,299650
fshost_integration_tests_fvm_minfs_no_zxcrypt_general_bin.build-id.stamp,299650
exe.unstripped/fshost_integration_tests_fvm_minfs_no_zxcrypt_general_bin.rmeta,299650
x64-asan-ubsan/obj/BUILD_DIR/fidling/gen/sdk/fidl/fuchsia.posix.socket/fuchsia.posix.socket/cpp/fidl/fuchsia.posix.socket/cpp/fuchsia.posix.socket_cpp.wire_messaging.cc.o,292417
x64-asan-ubsan-shared/obj/BUILD_DIR/fidling/gen/sdk/fidl/fuchsia.posix.socket/fuchsia.posix.socket/cpp/fidl/fuchsia.posix.socket/cpp/fuchsia.posix.socket_cpp.wire_messaging.cc.o,285424
fuchsia_audio_fdomain_lib_test,282056
exe.unstripped/fuchsia_audio_fdomain_lib_test,282056
fuchsia_audio_fdomain_lib_test.build-id.stamp,282056
exe.unstripped/fuchsia_audio_fdomain_lib_test.rmeta,282056
arm64-hwasan-ubsan/obj/BUILD_DIR/fidling/gen/src/tests/benchmarks/fidl/benchmark_suite/benchmark_suite_fidl/cpp/fidl/test.benchmarkfidl/cpp/benchmark_suite_fidl_cpp.type_conversions.cc.o,280978
obj/src/ui/tests/integration_input_tests/web-touch-input/web-touch-input-test.web-touch-input-test.cc.o,279460
x64-asan-ubsan/obj/zircon/system/ulib/fbl/test/fbl-test.intrusive_sized_doubly_linked_list_tests.cc.o,268372
pkg_resolver_lib_test,267375
exe.unstripped/pkg_resolver_lib_test,267375
pkg_resolver_lib_test.build-id.stamp,267375
exe.unstripped/pkg_resolver_lib_test.rmeta,267375
arm64-hwasan-ubsan-shared/obj/BUILD_DIR/fidling/gen/sdk/fidl/fuchsia.posix.socket/fuchsia.posix.socket/cpp/fidl/fuchsia.posix.socket/cpp/fuchsia.posix.socket_cpp.wire_messaging.cc.o,267338
wlancfg_lib_lib_test,261789
exe.unstripped/wlancfg_lib_lib_test,261789
wlancfg_lib_lib_test.build-id.stamp,261789
exe.unstripped/wlancfg_lib_lib_test.rmeta,261789
obj/products/core/image.x64_product_assembly.fuchsia_sdk_x64.bazel_target_can_only_be_referenced_by_one_bazel_action,260642
obj/products/core/product_bundle.x64_product_assembly/image_assembly.json,260642
obj/products/core/product_bundle.x64_product_assembly/assembly_builder_forensics.json,260642
obj/products/core/elf_sizes.x64.fuchsia_sdk_x64.bazel_target_can_only_be_referenced_by_one_bazel_action,260594
obj/products/core/product_bundle.x64_elf_sizes/elf_sizes.json,260594
obj/products/core/product_bundle.x64.fuchsia_sdk_x64.bazel_target_can_only_be_referenced_by_one_bazel_action,260544
obj/products/core/product_bundle.x64_create_system_out/assembled_system.json,260544
obj/products/core/product_bundle.x64/product_bundle/product_bundle.json,260544
obj/products/core/product_bundle.x64/product_bundle/system_a/fuchsia.zbi,260544
obj/products/core/product_bundle.x64/product_bundle/system_a/fxfs.sparse.blk,260544
obj/products/core/product_bundle.x64/product_bundle/system_a/fuchsia.vbmeta,260544
obj/examples/drivers/simple/dfv2/simple-driver-test.fuchsia_sdk_x64.bazel_target_can_only_be_referenced_by_one_bazel_action,260486
obj/examples/drivers/template/template-test.fuchsia_sdk_x64.bazel_target_can_only_be_referenced_by_one_bazel_action,260486
obj/examples/drivers/transport/driver/v2/driver-transport-test.fuchsia_sdk_x64.bazel_target_can_only_be_referenced_by_one_bazel_action,260486
obj/sdk/lib/driver/devicetree/examples/example-board/example-board-test-package.fuchsia_sdk_x64.bazel_target_can_only_be_referenced_by_one_bazel_action,260486
obj/src/devices/board/drivers/vim3-devicetree/vim3-devicetree-test-package.fuchsia_sdk_x64.bazel_target_can_only_be_referenced_by_one_bazel_action,260486
obj/src/devices/clock/drivers/vim3-clk/vim3-clk-test-package.fuchsia_sdk_x64.bazel_target_can_only_be_referenced_by_one_bazel_action,260486
obj/src/devices/gpio/drivers/aml-gpio/aml-gpio-test-package.fuchsia_sdk_x64.bazel_target_can_only_be_referenced_by_one_bazel_action,260486
obj/src/devices/i2c/drivers/aml-i2c/aml-i2c-test-package.fuchsia_sdk_x64.bazel_target_can_only_be_referenced_by_one_bazel_action,260486
obj/src/devices/i2c/drivers/dw-i2c/dw-i2c-test-package.fuchsia_sdk_x64.bazel_target_can_only_be_referenced_by_one_bazel_action,260486
obj/src/devices/rtc/drivers/nxp/pcf8563/pcf8563-tests.fuchsia_sdk_x64.bazel_target_can_only_be_referenced_by_one_bazel_action,260486
obj/src/devices/usb/drivers/aml-usb-phy/aml-usb-phy-test-package.fuchsia_sdk_x64.bazel_target_can_only_be_referenced_by_one_bazel_action,260486
obj/src/ui/input/drivers/adc-buttons/adc-buttons-test-package.fuchsia_sdk_x64.bazel_target_can_only_be_referenced_by_one_bazel_action,260486
obj/src/media/audio/drivers/aml-g12-tdm/aml-g12-composite-test-package.fuchsia_sdk_x64.bazel_target_can_only_be_referenced_by_one_bazel_action,260486
obj/src/devices/spmi/lib/hwreg-spmi/cpp/spmi-hwreg-cpp-test.fuchsia_sdk_x64.bazel_target_can_only_be_referenced_by_one_bazel_action,260486
obj/src/diagnostics/archivist/tests/pipeline_test/pipeline_test.fuchsia_sdk_x64.bazel_target_can_only_be_referenced_by_one_bazel_action,260486
obj/tools/create/goldens/my-driver-cpp/test_pkg.fuchsia_sdk_x64.bazel_target_can_only_be_referenced_by_one_bazel_action,260486
obj/src/connectivity/wlan/drivers/third_party/intel/iwlwifi/test/iwlwifi_test_pkg.fuchsia_sdk_x64.bazel_target_can_only_be_referenced_by_one_bazel_action,260486
obj/src/simple-driver-test.far,260486
obj/src/template-test.far,260486
obj/src/driver_transport_example_test.far,260486
obj/src/example-board-test.far,260486
obj/src/vim3-devicetree-test.far,260486
obj/src/vim3-clk-test.far,260486
obj/src/aml-gpio-test.far,260486
obj/src/aml-i2c-test.far,260486
obj/src/dw-i2c-test.far,260486
obj/src/pcf8563_test.far,260486
obj/src/aml-usb-phy-test.far,260486
obj/src/adc-buttons-test.far,260486
obj/src/aml-g12-composite-test.far,260486
obj/src/spmi-hwreg-test.far,260486
obj/src/pipeline_test.far,260486
obj/src/my_driver_cpp_test.far,260486
obj/src/iwlwifi_test_pkg.far,260486
obj/src/security/lib/scrutiny/tests/route_verification/main_image_product_assembly.fuchsia_sdk_x64.bazel_target_can_only_be_referenced_by_one_bazel_action,260444
obj/src/security/lib/scrutiny/tests/route_verification/product_bundle_product_assembly/image_assembly.json,260444
obj/src/security/lib/scrutiny/tests/route_verification/product_bundle_product_assembly/assembly_builder_forensics.json,260444
obj/src/security/lib/scrutiny/tests/structured_config/main_image_product_assembly.fuchsia_sdk_x64.bazel_target_can_only_be_referenced_by_one_bazel_action,260429
obj/src/security/lib/scrutiny/tests/structured_config/product_bundle_product_assembly/image_assembly.json,260429
obj/src/security/lib/scrutiny/tests/structured_config/product_bundle_product_assembly/assembly_builder_forensics.json,260429
obj/src/security/lib/scrutiny/tests/route_verification/product_bundle.fuchsia_sdk_x64.bazel_target_can_only_be_referenced_by_one_bazel_action,260415
obj/src/security/lib/scrutiny/tests/route_verification/product_bundle_create_system_out/assembled_system.json,260415
obj/src/security/lib/scrutiny/tests/route_verification/product_bundle/product_bundle/product_bundle.json,260415
obj/src/security/lib/scrutiny/tests/route_verification/product_bundle/product_bundle/system_a/fuchsia.zbi,260415
obj/src/security/tests/scrutiny_ffx_integration/main_image_product_assembly.fuchsia_sdk_x64.bazel_target_can_only_be_referenced_by_one_bazel_action,260401
obj/src/security/tests/scrutiny_ffx_integration/product_bundle_product_assembly/image_assembly.json,260401
obj/src/security/tests/scrutiny_ffx_integration/product_bundle_product_assembly/assembly_builder_forensics.json,260401
obj/src/security/lib/scrutiny/tests/structured_config/product_bundle.fuchsia_sdk_x64.bazel_target_can_only_be_referenced_by_one_bazel_action,260386
obj/src/security/lib/scrutiny/tests/structured_config/product_bundle_create_system_out/assembled_system.json,260386
obj/src/security/lib/scrutiny/tests/structured_config/product_bundle/product_bundle/product_bundle.json,260386
obj/src/security/lib/scrutiny/tests/structured_config/product_bundle/product_bundle/system_a/fuchsia.zbi,260386
obj/src/security/lib/scrutiny/collector/main_image_product_assembly.fuchsia_sdk_x64.bazel_target_can_only_be_referenced_by_one_bazel_action,260372
obj/src/security/lib/scrutiny/collector/product_bundle_product_assembly/image_assembly.json,260372
obj/src/security/lib/scrutiny/collector/product_bundle_product_assembly/assembly_builder_forensics.json,260372
obj/src/security/tests/scrutiny_ffx_integration/product_bundle.fuchsia_sdk_x64.bazel_target_can_only_be_referenced_by_one_bazel_action,260357
obj/src/security/tests/scrutiny_ffx_integration/product_bundle_create_system_out/assembled_system.json,260357
obj/src/security/tests/scrutiny_ffx_integration/product_bundle/product_bundle/product_bundle.json,260357
obj/src/security/tests/scrutiny_ffx_integration/product_bundle/product_bundle/system_a/fuchsia.zbi,260357
obj/src/security/tests/scrutiny_ffx_integration/product_bundle/product_bundle/system_a/fvm.blk,260357
obj/src/security/lib/scrutiny/collector/product_bundle.fuchsia_sdk_x64.bazel_target_can_only_be_referenced_by_one_bazel_action,260342
obj/src/security/lib/scrutiny/collector/product_bundle_create_system_out/assembled_system.json,260342
obj/src/security/lib/scrutiny/collector/product_bundle/product_bundle/product_bundle.json,260342
obj/src/security/lib/scrutiny/collector/product_bundle/product_bundle/system_a/fuchsia.zbi,260342
obj/src/security/lib/scrutiny/collector/product_bundle/product_bundle/system_a/fxfs.sparse.blk,260342
obj/build/images/updates/tests/fake_product_product_assembly.fuchsia_sdk_x64.bazel_target_can_only_be_referenced_by_one_bazel_action,260327
obj/build/images/updates/tests/bazel_pb_product_assembly/image_assembly.json,260327
obj/build/images/updates/tests/bazel_pb_product_assembly/assembly_builder_forensics.json,260327
obj/build/images/updates/tests/fake_bundle.fuchsia_sdk_x64.bazel_target_can_only_be_referenced_by_one_bazel_action,260311
obj/build/images/updates/tests/bazel_pb_create_system_out/assembled_system.json,260311
obj/build/images/updates/tests/bazel_pb/product_bundle/product_bundle.json,260311
obj/build/images/updates/tests/bazel_pb/product_bundle/system_a/fuchsia.zbi,260311
obj/build/images/guest/guest_product_product_assembly.fuchsia_sdk_x64.bazel_target_can_only_be_referenced_by_one_bazel_action,260293
obj/build/images/guest/guest_product.fuchsia_sdk_x64.bazel_target_can_only_be_referenced_by_one_bazel_action,260293
obj/build/images/guest/bazel_build_group_outputs/guest_product_assembly/image_assembly.json,260293
obj/build/images/guest/bazel_build_group_outputs/guest_product_assembly/assembly_builder_forensics.json,260293
obj/build/images/guest/bazel_build_group_outputs/guest/bazel_raw_outputs/assembled_system.json,260293
obj/bundles/assembly/platform.fuchsia_platform_x64.bazel_target_can_only_be_referenced_by_one_bazel_action,260276
obj/bundles/assembly/platform/platform_artifacts/platform_artifacts.json,260276
obj/boards/x64/x64.fuchsia_sdk_x64.bazel_target_can_only_be_referenced_by_one_bazel_action,260240
obj/boards/x64/x64/board_configuration.json,260240
obj/build/bazel/examples/target_examples.fuchsia_sdk_x64.bazel_target_can_only_be_referenced_by_one_bazel_action,260194
obj/build/bazel/examples/target_examples.bazel_stamp,260194
obj/examples/drivers/transport/driver/v2/driver_transport_parent_pkg.fuchsia_sdk_x64.bazel_target_can_only_be_referenced_by_one_bazel_action,260180
obj/examples/drivers/transport/driver/v2/driver_transport_child_pkg.fuchsia_sdk_x64.bazel_target_can_only_be_referenced_by_one_bazel_action,260180
obj/examples/drivers/simple/dfv2/pkg.fuchsia_sdk_x64.bazel_target_can_only_be_referenced_by_one_bazel_action,260180
obj/examples/drivers/template/pkg.fuchsia_sdk_x64.bazel_target_can_only_be_referenced_by_one_bazel_action,260180
obj/examples/drivers/bazel_build_group_outputs/driver_transport_parent_pkg.far,260180
obj/examples/drivers/bazel_build_group_outputs/driver_transport_child_pkg.far,260180
obj/examples/drivers/bazel_build_group_outputs/simple_driver.far,260180
obj/examples/drivers/bazel_build_group_outputs/template.far,260180
obj/build/bazel/bazel_sdk/in_tree_fuchsia_sdk.fuchsia_sdk_x64.bazel_target_can_only_be_referenced_by_one_bazel_action,260124
obj/build/bazel/bazel_sdk/in_tree_fuchsia_sdk.stamp,260124
starnix_modules_input_lib_test,258595
exe.unstripped/starnix_modules_input_lib_test,258595
starnix_modules_input_lib_test.build-id.stamp,258595
exe.unstripped/starnix_modules_input_lib_test.rmeta,258595
zxio_rust_test,256772
exe.unstripped/zxio_rust_test,256772
zxio_rust_test.build-id.stamp,256772
exe.unstripped/zxio_rust_test.rmeta,256772
obj/bundles/assembly/bringup.fuchsia_platform_x64.bazel_target_can_only_be_referenced_by_one_bazel_action,255702
obj/bundles/assembly/bringup/platform_artifacts/platform_artifacts.json,255702
arm64-hwasan-ubsan/obj/BUILD_DIR/fidling/gen/sdk/fidl/fuchsia.posix.socket/fuchsia.posix.socket/cpp/fidl/fuchsia.posix.socket/cpp/fuchsia.posix.socket_cpp.wire_messaging.cc.o,251140
arm64-hwasan-ubsan/obj/src/lib/elfldltl/test/elfldltl-unittests.phdr-tests.cc.o,249318
obj/examples/drivers/simple/dfv2/simple-driver-test.fuchsia_sdk_arm64.bazel_target_can_only_be_referenced_by_one_bazel_action,245378
obj/examples/drivers/template/template-test.fuchsia_sdk_arm64.bazel_target_can_only_be_referenced_by_one_bazel_action,245378
obj/examples/drivers/transport/driver/v2/driver-transport-test.fuchsia_sdk_arm64.bazel_target_can_only_be_referenced_by_one_bazel_action,245378
obj/sdk/lib/driver/devicetree/examples/example-board/example-board-test-package.fuchsia_sdk_arm64.bazel_target_can_only_be_referenced_by_one_bazel_action,245378
obj/src/devices/board/drivers/vim3-devicetree/vim3-devicetree-test-package.fuchsia_sdk_arm64.bazel_target_can_only_be_referenced_by_one_bazel_action,245378
obj/src/devices/clock/drivers/vim3-clk/vim3-clk-test-package.fuchsia_sdk_arm64.bazel_target_can_only_be_referenced_by_one_bazel_action,245378
obj/src/devices/gpio/drivers/aml-gpio/aml-gpio-test-package.fuchsia_sdk_arm64.bazel_target_can_only_be_referenced_by_one_bazel_action,245378
obj/src/devices/i2c/drivers/aml-i2c/aml-i2c-test-package.fuchsia_sdk_arm64.bazel_target_can_only_be_referenced_by_one_bazel_action,245378
obj/src/devices/i2c/drivers/dw-i2c/dw-i2c-test-package.fuchsia_sdk_arm64.bazel_target_can_only_be_referenced_by_one_bazel_action,245378
obj/src/devices/rtc/drivers/nxp/pcf8563/pcf8563-tests.fuchsia_sdk_arm64.bazel_target_can_only_be_referenced_by_one_bazel_action,245378
obj/src/devices/usb/drivers/aml-usb-phy/aml-usb-phy-test-package.fuchsia_sdk_arm64.bazel_target_can_only_be_referenced_by_one_bazel_action,245378
obj/src/ui/input/drivers/adc-buttons/adc-buttons-test-package.fuchsia_sdk_arm64.bazel_target_can_only_be_referenced_by_one_bazel_action,245378
obj/src/media/audio/drivers/aml-g12-tdm/aml-g12-composite-test-package.fuchsia_sdk_arm64.bazel_target_can_only_be_referenced_by_one_bazel_action,245378
obj/src/devices/spmi/lib/hwreg-spmi/cpp/spmi-hwreg-cpp-test.fuchsia_sdk_arm64.bazel_target_can_only_be_referenced_by_one_bazel_action,245378
obj/src/diagnostics/archivist/tests/pipeline_test/pipeline_test.fuchsia_sdk_arm64.bazel_target_can_only_be_referenced_by_one_bazel_action,245378
obj/tools/create/goldens/my-driver-cpp/test_pkg.fuchsia_sdk_arm64.bazel_target_can_only_be_referenced_by_one_bazel_action,245378
obj/src/connectivity/wlan/drivers/third_party/intel/iwlwifi/test/iwlwifi_test_pkg.fuchsia_sdk_arm64.bazel_target_can_only_be_referenced_by_one_bazel_action,245378
obj/products/core/image.arm64_product_assembly.fuchsia_sdk_arm64.bazel_target_can_only_be_referenced_by_one_bazel_action,245318
obj/products/core/product_bundle.arm64_product_assembly/image_assembly.json,245318
obj/products/core/product_bundle.arm64_product_assembly/assembly_builder_forensics.json,245318
obj/products/core/elf_sizes.arm64.fuchsia_sdk_arm64.bazel_target_can_only_be_referenced_by_one_bazel_action,245303
obj/products/core/product_bundle.arm64_elf_sizes/elf_sizes.json,245303
obj/products/core/product_bundle.arm64.fuchsia_sdk_arm64.bazel_target_can_only_be_referenced_by_one_bazel_action,245288
obj/products/core/product_bundle.arm64_create_system_out/assembled_system.json,245288
obj/products/core/product_bundle.arm64/product_bundle/product_bundle.json,245288
obj/products/core/product_bundle.arm64/product_bundle/system_a/fuchsia.zbi,245288
obj/products/core/product_bundle.arm64/product_bundle/system_a/fxfs.sparse.blk,245288
obj/products/core/product_bundle.arm64/product_bundle/system_a/fuchsia.vbmeta,245288
obj/src/security/lib/scrutiny/tests/route_verification/main_image_product_assembly.fuchsia_sdk_arm64.bazel_target_can_only_be_referenced_by_one_bazel_action,245274
obj/src/security/lib/scrutiny/tests/structured_config/main_image_product_assembly.fuchsia_sdk_arm64.bazel_target_can_only_be_referenced_by_one_bazel_action,245259
obj/src/security/lib/scrutiny/tests/route_verification/product_bundle.fuchsia_sdk_arm64.bazel_target_can_only_be_referenced_by_one_bazel_action,245244
obj/src/security/tests/scrutiny_ffx_integration/main_image_product_assembly.fuchsia_sdk_arm64.bazel_target_can_only_be_referenced_by_one_bazel_action,245228
obj/src/security/lib/scrutiny/tests/structured_config/product_bundle.fuchsia_sdk_arm64.bazel_target_can_only_be_referenced_by_one_bazel_action,245212
obj/src/security/lib/scrutiny/collector/main_image_product_assembly.fuchsia_sdk_arm64.bazel_target_can_only_be_referenced_by_one_bazel_action,245192
obj/src/security/tests/scrutiny_ffx_integration/product_bundle.fuchsia_sdk_arm64.bazel_target_can_only_be_referenced_by_one_bazel_action,245177
obj/src/security/lib/scrutiny/collector/product_bundle.fuchsia_sdk_arm64.bazel_target_can_only_be_referenced_by_one_bazel_action,245162
obj/build/images/updates/tests/fake_product_product_assembly.fuchsia_sdk_arm64.bazel_target_can_only_be_referenced_by_one_bazel_action,245148
obj/build/images/updates/tests/fake_bundle.fuchsia_sdk_arm64.bazel_target_can_only_be_referenced_by_one_bazel_action,245131
obj/bundles/assembly/platform.fuchsia_platform_arm64.bazel_target_can_only_be_referenced_by_one_bazel_action,245115
obj/boards/arm64/arm64.fuchsia_sdk_arm64.bazel_target_can_only_be_referenced_by_one_bazel_action,245069
obj/boards/arm64/arm64/board_configuration.json,245069
obj/build/bazel/examples/target_examples.fuchsia_sdk_arm64.bazel_target_can_only_be_referenced_by_one_bazel_action,245067
obj/examples/drivers/transport/driver/v2/driver_transport_parent_pkg.fuchsia_sdk_arm64.bazel_target_can_only_be_referenced_by_one_bazel_action,245048
obj/examples/drivers/transport/driver/v2/driver_transport_child_pkg.fuchsia_sdk_arm64.bazel_target_can_only_be_referenced_by_one_bazel_action,245048
obj/examples/drivers/simple/dfv2/pkg.fuchsia_sdk_arm64.bazel_target_can_only_be_referenced_by_one_bazel_action,245048
obj/examples/drivers/template/pkg.fuchsia_sdk_arm64.bazel_target_can_only_be_referenced_by_one_bazel_action,245048
obj/build/bazel/bazel_sdk/in_tree_fuchsia_sdk.fuchsia_sdk_arm64.bazel_target_can_only_be_referenced_by_one_bazel_action,244986
obj/bundles/assembly/bringup.fuchsia_platform_arm64.bazel_target_can_only_be_referenced_by_one_bazel_action,242554
starnix_modules_cgroupfs_lib_test,239815
exe.unstripped/starnix_modules_cgroupfs_lib_test,239815
starnix_modules_cgroupfs_lib_test.build-id.stamp,239815
exe.unstripped/starnix_modules_cgroupfs_lib_test.rmeta,239815
fshost_integration_tests_fvm_minfs_corrupt_bin,235109
exe.unstripped/fshost_integration_tests_fvm_minfs_corrupt_bin,235109
fshost_integration_tests_fvm_minfs_corrupt_bin.build-id.stamp,235109
exe.unstripped/fshost_integration_tests_fvm_minfs_corrupt_bin.rmeta,235109
arm64-hwasan-ubsan/obj/zircon/system/ulib/zxtest/test/regression/zxtest-large-test-suite-test.large_test_suite.cc.o,232865
fshost_integration_tests_fvm_minfs_no_zxcrypt_corrupt_bin,232325
exe.unstripped/fshost_integration_tests_fvm_minfs_no_zxcrypt_corrupt_bin,232325
fshost_integration_tests_fvm_minfs_no_zxcrypt_corrupt_bin.build-id.stamp,232325
exe.unstripped/fshost_integration_tests_fvm_minfs_no_zxcrypt_corrupt_bin.rmeta,232325
starnix_modules_syscalls_lib_test,232168
exe.unstripped/starnix_modules_syscalls_lib_test,232168
starnix_modules_syscalls_lib_test.build-id.stamp,232168
exe.unstripped/starnix_modules_syscalls_lib_test.rmeta,232168
arm64-hwasan-ubsan-shared/obj/third_party/Vulkan-ValidationLayers/src/layers/vulkan/generated/VkLayer_khronos_validation.device_features.cpp.o,229710
fshost_integration_tests_fxfs_corrupt_bin,229535
exe.unstripped/fshost_integration_tests_fxfs_corrupt_bin,229535
fshost_integration_tests_fxfs_corrupt_bin.build-id.stamp,229535
exe.unstripped/fshost_integration_tests_fxfs_corrupt_bin.rmeta,229535
x64-asan-ubsan/obj/src/media/audio/lib/processing/processing.sinc_sampler.cc.o,227943
host_x64-asan-ubsan/obj/zircon/system/ulib/fbl/test/fbl-test.intrusive_doubly_linked_list_tests.cc.o,227207
x64-novariant/starnix_core_lib_test,227111
x64-novariant/exe.unstripped/starnix_core_lib_test,227111
x64-novariant/starnix_core_lib_test.build-id.stamp,227111
x64-novariant/exe.unstripped/starnix_core_lib_test.rmeta,227111
fshost_integration_tests_fxfs_write_data_file_bin,225948
exe.unstripped/fshost_integration_tests_fxfs_write_data_file_bin,225948
fshost_integration_tests_fxfs_write_data_file_bin.build-id.stamp,225948
exe.unstripped/fshost_integration_tests_fxfs_write_data_file_bin.rmeta,225948
x64-asan-ubsan/obj/zircon/system/utest/core/pager-writeback/pager-writeback.pager-writeback.cc.o,225290
arm64-hwasan-ubsan/obj/BUILD_DIR/fidling/gen/src/tests/benchmarks/fidl/benchmark_suite/benchmark_suite_fidl_union/cpp/fidl/test.benchmarkfidlunion/cpp/benchmark_suite_fidl_union_cpp.type_conversions.cc.o,222294
wlan_mlme_lib_test,221857
exe.unstripped/wlan_mlme_lib_test,221857
wlan_mlme_lib_test.build-id.stamp,221857
exe.unstripped/wlan_mlme_lib_test.rmeta,221857
remote_unified_aspace_tests,221683
exe.unstripped/remote_unified_aspace_tests,221683
remote_unified_aspace_tests.build-id.stamp,221683
exe.unstripped/remote_unified_aspace_tests.rmeta,221683
pkg_authority,220847
exe.unstripped/pkg_authority,220847
pkg_authority.build-id.stamp,220847
exe.unstripped/pkg_authority.rmeta,220847
arm64-hwasan-ubsan/obj/BUILD_DIR/fidling/gen/src/tests/benchmarks/fidl/benchmark_suite/benchmark_suite_fidl/cpp/fidl/test.benchmarkfidl/cpp/benchmark_suite_fidl_cpp.natural_ostream.cc.o,219558
host_x64/obj/src/testing/end_to_end/antlion/antlion_mypy_checker.mypy_checked,218955
sl4f,217075
exe.unstripped/sl4f,217075
sl4f.build-id.stamp,217075
exe.unstripped/sl4f.rmeta,217075
x64-asan-ubsan/obj/BUILD_DIR/fidling/gen/src/tests/benchmarks/fidl/benchmark_suite/benchmark_suite_fidl/cpp/fidl/test.benchmarkfidl/cpp/benchmark_suite_fidl_cpp.type_conversions.cc.o,215810
ota_lib_lib_test,214661
exe.unstripped/ota_lib_lib_test,214661
ota_lib_lib_test.build-id.stamp,214661
exe.unstripped/ota_lib_lib_test.rmeta,214661
arm64-hwasan-ubsan/netstack3_instrumented_bin_test,214552
arm64-hwasan-ubsan/exe.unstripped/netstack3_instrumented_bin_test,214552
arm64-hwasan-ubsan/netstack3_instrumented_bin_test.build-id.stamp,214552
arm64-hwasan-ubsan/exe.unstripped/netstack3_instrumented_bin_test.rmeta,214552
fshost_integration_tests_fxfs_shred_keys_bin,214519
exe.unstripped/fshost_integration_tests_fxfs_shred_keys_bin,214519
fshost_integration_tests_fxfs_shred_keys_bin.build-id.stamp,214519
exe.unstripped/fshost_integration_tests_fxfs_shred_keys_bin.rmeta,214519
x64-asan-ubsan/obj/BUILD_DIR/fidling/gen/sdk/fidl/fuchsia.posix.socket/fuchsia.posix.socket/cpp/fidl/fuchsia.posix.socket/cpp/fuchsia.posix.socket_cpp.natural_messaging.cc.o,211406
arm64-hwasan-ubsan/obj/src/media/audio/lib/processing/processing.sinc_sampler.cc.o,209394
arm64-hwasan-ubsan/obj/src/lib/fidl/llcpp/tests/dispatcher/fidl_llcpp_private_intrusive_wavl_tree_tests.intrusive_wavl_tree_tests.cc.o,208231
fshost_integration_tests_fvm_minfs_no_zxcrypt_write_data_file_bin,207593
exe.unstripped/fshost_integration_tests_fvm_minfs_no_zxcrypt_write_data_file_bin,207593
fshost_integration_tests_fvm_minfs_no_zxcrypt_write_data_file_bin.build-id.stamp,207593
exe.unstripped/fshost_integration_tests_fvm_minfs_no_zxcrypt_write_data_file_bin.rmeta,207593
fshost_integration_tests_fvm_minfs_write_data_file_bin,205752
exe.unstripped/fshost_integration_tests_fvm_minfs_write_data_file_bin,205752
fshost_integration_tests_fvm_minfs_write_data_file_bin.build-id.stamp,205752
exe.unstripped/fshost_integration_tests_fvm_minfs_write_data_file_bin.rmeta,205752
x64-asan-ubsan/obj/zircon/system/ulib/zxtest/test/regression/zxtest-large-test-suite-test.large_test_suite.cc.o,203880
routing_lib_test,201318
exe.unstripped/routing_lib_test,201318
routing_lib_test.build-id.stamp,201318
exe.unstripped/routing_lib_test.rmeta,201318
host_x64-asan-ubsan/obj/zircon/system/ulib/fbl/test/fbl-test.intrusive_sized_doubly_linked_list_tests.cc.o,199883
x64-asan-ubsan/component_manager_bin_test,198913
x64-asan-ubsan/exe.unstripped/component_manager_bin_test,198913
x64-asan-ubsan/component_manager_bin_test.build-id.stamp,198913
x64-asan-ubsan/exe.unstripped/component_manager_bin_test.rmeta,198913
host_x64-asan-ubsan/fidl_codec_rust_conformance_tests,195323
host_x64-asan-ubsan/exe.unstripped/fidl_codec_rust_conformance_tests,195323
host_x64-asan-ubsan/fidl_codec_rust_conformance_tests.build-id.stamp,195323
host_x64-asan-ubsan/exe.unstripped/fidl_codec_rust_conformance_tests.rmeta,195323
x64-asan-ubsan/fxfs_platform_lib_test,194388
x64-asan-ubsan/exe.unstripped/fxfs_platform_lib_test,194388
x64-asan-ubsan/fxfs_platform_lib_test.build-id.stamp,194388
x64-asan-ubsan/exe.unstripped/fxfs_platform_lib_test.rmeta,194388
obj/BUILD_DIR/gen/src/tests/benchmarks/fidl/cpp/benchmark_suite__union.gidl_generated_benchmark_suite__union.cc.o,192859
host_x64-asan-ubsan/obj/zircon/system/ulib/fbl/test/fbl-test.intrusive_wavl_tree_tests.cc.o,191787
host_x64/obj/sdk/ctf/tests/pkg/fidl/cpp/host_test_sources.bitset_unittest.cc.o,191174
arm64-hwasan-ubsan/obj/BUILD_DIR/fidling/gen/src/tests/benchmarks/fidl/benchmark_suite/benchmark_suite_fidl_union/cpp/fidl/test.benchmarkfidlunion/cpp/benchmark_suite_fidl_union_cpp.natural_ostream.cc.o,190993
arm64-hwasan-ubsan/obj/zircon/system/ulib/fbl/test/fbl-test.intrusive_singly_linked_list_tests.cc.o,187898
arm64-hwasan-ubsan/fidl_codec_rust_conformance_tests,187492
arm64-hwasan-ubsan/exe.unstripped/fidl_codec_rust_conformance_tests,187492
arm64-hwasan-ubsan/fidl_codec_rust_conformance_tests.build-id.stamp,187492
arm64-hwasan-ubsan/exe.unstripped/fidl_codec_rust_conformance_tests.rmeta,187492
x64-asan-ubsan/obj/src/lib/fidl/llcpp/tests/dispatcher/fidl_llcpp_private_intrusive_wavl_tree_tests.intrusive_wavl_tree_tests.cc.o,187320
netstack_power_integration_test,186263
exe.unstripped/netstack_power_integration_test,186263
netstack_power_integration_test.build-id.stamp,186263
exe.unstripped/netstack_power_integration_test.rmeta,186263
arm64-hwasan-ubsan/obj/src/lib/zxdump/zxdump-unittests.elf-search-tests.cc.o,185483
x64-asan-ubsan/netstack3-instrumented,183463
x64-asan-ubsan/exe.unstripped/netstack3-instrumented,183463
x64-asan-ubsan/netstack3-instrumented.build-id.stamp,183463
x64-asan-ubsan/exe.unstripped/netstack3-instrumented.rmeta,183463
x64-asan-ubsan/obj/sdk/lib/ld/test/load-tests.remote-tests.cc.o,182776
fuchsia_pkg_lib_test,182317
exe.unstripped/fuchsia_pkg_lib_test,182317
fuchsia_pkg_lib_test.build-id.stamp,182317
exe.unstripped/fuchsia_pkg_lib_test.rmeta,182317
arm64-hwasan-ubsan/obj/zircon/system/ulib/fbl/test/fbl-test.slab_allocator_tests.cc.o,182226
arm64-hwasan-ubsan/obj/src/lib/elfldltl/test/elfldltl-unittests.load-tests.cc.o,181239
host_x64-asan-ubsan/fxfs_lib_test,181127
host_x64-asan-ubsan/exe.unstripped/fxfs_lib_test,181127
host_x64-asan-ubsan/fxfs_lib_test.build-id.stamp,181127
host_x64-asan-ubsan/exe.unstripped/fxfs_lib_test.rmeta,181127
arm64-hwasan-ubsan/component_manager_with_tracing_and_heapdump,180291
arm64-hwasan-ubsan/exe.unstripped/component_manager_with_tracing_and_heapdump,180291
arm64-hwasan-ubsan/component_manager_with_tracing_and_heapdump.build-id.stamp,180291
arm64-hwasan-ubsan/exe.unstripped/component_manager_with_tracing_and_heapdump.rmeta,180291
starnix_modules_fastrpc_lib_test,180146
exe.unstripped/starnix_modules_fastrpc_lib_test,180146
starnix_modules_fastrpc_lib_test.build-id.stamp,180146
exe.unstripped/starnix_modules_fastrpc_lib_test.rmeta,180146
x64-asan-ubsan/component_manager_src_model_tests,180038
x64-asan-ubsan/exe.unstripped/component_manager_src_model_tests,180038
x64-asan-ubsan/component_manager_src_model_tests.build-id.stamp,180038
x64-asan-ubsan/exe.unstripped/component_manager_src_model_tests.rmeta,180038
arm64-shared/obj/BUILD_DIR/fidling/gen/sdk/fidl/fuchsia.posix.socket/fuchsia.posix.socket/cpp/fidl/fuchsia.posix.socket/cpp/fuchsia.posix.socket_cpp.wire_messaging.cc.o,179973
x64-asan-ubsan-shared/obj/BUILD_DIR/fidling/gen/sdk/fidl/fuchsia.posix.socket/fuchsia.posix.socket/cpp/fidl/fuchsia.posix.socket/cpp/fuchsia.posix.socket_cpp.natural_messaging.cc.o,179598
arm64-hwasan-ubsan/obj/sdk/lib/ld/test/load-tests.remote-tests.cc.o,179104
obj/sdk/ctf/tests/pkg/fidl/cpp/host_test_sources.bitset_unittest.cc.o,178667
obj/BUILD_DIR/fidling/gen/src/tests/benchmarks/fidl/benchmark_suite/benchmark_suite_fidl/cpp/fidl/test.benchmarkfidl/cpp/benchmark_suite_fidl_cpp.natural_types.cc.o,178484
nat_filter_deprecated_fidl_test,177546
exe.unstripped/nat_filter_deprecated_fidl_test,177546
nat_filter_deprecated_fidl_test.build-id.stamp,177546
exe.unstripped/nat_filter_deprecated_fidl_test.rmeta,177546
arm64-novariant/starnix_core_lib_test,177116
arm64-novariant/exe.unstripped/starnix_core_lib_test,177116
arm64-novariant/starnix_core_lib_test.build-id.stamp,177116
arm64-novariant/exe.unstripped/starnix_core_lib_test.rmeta,177116
arm64-shared/libvulkan_lavapipe.so,176922
arm64-shared/lib.unstripped/libvulkan_lavapipe.so,176922
arm64-shared/libvulkan_lavapipe.so.build-id.stamp,176922
arm64-shared/libvulkan_lavapipe.ifs,176922
arm64-shared/link_stub/libvulkan_lavapipe.so,176922
fshost_integration_tests_fxfs_inline_encryption_bin,176423
exe.unstripped/fshost_integration_tests_fxfs_inline_encryption_bin,176423
fshost_integration_tests_fxfs_inline_encryption_bin.build-id.stamp,176423
exe.unstripped/fshost_integration_tests_fxfs_inline_encryption_bin.rmeta,176423
audio-usage-gain-reporter-test-bin,175031
exe.unstripped/audio-usage-gain-reporter-test-bin,175031
audio-usage-gain-reporter-test-bin.build-id.stamp,175031
arm64-hwasan-ubsan/fxfs_platform_lib_test,172525
arm64-hwasan-ubsan/exe.unstripped/fxfs_platform_lib_test,172525
arm64-hwasan-ubsan/fxfs_platform_lib_test.build-id.stamp,172525
arm64-hwasan-ubsan/exe.unstripped/fxfs_platform_lib_test.rmeta,172525
x64-asan-ubsan/obj/BUILD_DIR/fidling/gen/src/tests/benchmarks/fidl/benchmark_suite/benchmark_suite_fidl_union/cpp/fidl/test.benchmarkfidlunion/cpp/benchmark_suite_fidl_union_cpp.type_conversions.cc.o,172425
starnix_modules_android_usb_lib_test,171535
exe.unstripped/starnix_modules_android_usb_lib_test,171535
starnix_modules_android_usb_lib_test.build-id.stamp,171535
exe.unstripped/starnix_modules_android_usb_lib_test.rmeta,171535
x64-shared/libvulkan_lavapipe.so,170446
x64-shared/lib.unstripped/libvulkan_lavapipe.so,170446
x64-shared/libvulkan_lavapipe.so.build-id.stamp,170446
x64-shared/libvulkan_lavapipe.ifs,170446
x64-shared/link_stub/libvulkan_lavapipe.so,170446
arm64-hwasan-ubsan/netstack3,170123
arm64-hwasan-ubsan/exe.unstripped/netstack3,170123
arm64-hwasan-ubsan/netstack3.build-id.stamp,170123
arm64-hwasan-ubsan/exe.unstripped/netstack3.rmeta,170123
arm64-hwasan-ubsan/obj/src/connectivity/network/netstack3/bin_gub_lib.actual/libnetstack3.rlib,169765
arm64-hwasan-ubsan/obj/src/connectivity/network/netstack3/bin_gub_lib.actual/libnetstack3.rmeta,169765
gen/build/bazel/bazel_sdk/bazel_sdk_tests_x64.stamp,169692
obj/build/bazel/bazel_sdk/bazel_sdk_tests_x64.bazel_events_logs.json,169692
bt_hfp_audio_gateway_bin_test,168894
exe.unstripped/bt_hfp_audio_gateway_bin_test,168894
bt_hfp_audio_gateway_bin_test.build-id.stamp,168894
exe.unstripped/bt_hfp_audio_gateway_bin_test.rmeta,168894
arm64-hwasan-ubsan/obj/BUILD_DIR/fidling/gen/src/lib/fidl/llcpp/tests/message_container/fidl.llcpp.buffersize.test/cpp/fidl/fidl.llcpp.buffersize.test/cpp/fidl.llcpp.buffersize.test_cpp.type_conversions.cc.o,168822
x64-asan-ubsan/netstack3_instrumented_bin_test,168765
x64-asan-ubsan/exe.unstripped/netstack3_instrumented_bin_test,168765
x64-asan-ubsan/netstack3_instrumented_bin_test.build-id.stamp,168765
x64-asan-ubsan/exe.unstripped/netstack3_instrumented_bin_test.rmeta,168765
audio-usage-reporter-test-bin,168063
exe.unstripped/audio-usage-reporter-test-bin,168063
audio-usage-reporter-test-bin.build-id.stamp,168063
x64-asan-ubsan/netstack3_bin_test,167703
x64-asan-ubsan/exe.unstripped/netstack3_bin_test,167703
x64-asan-ubsan/netstack3_bin_test.build-id.stamp,167703
x64-asan-ubsan/exe.unstripped/netstack3_bin_test.rmeta,167703
bt_bonding_integration_tests,167068
exe.unstripped/bt_bonding_integration_tests,167068
bt_bonding_integration_tests.build-id.stamp,167068
exe.unstripped/bt_bonding_integration_tests.rmeta,167068
arm64-hwasan-ubsan/obj/zircon/system/ulib/ffl/test/ffl-test.ffl_tests.cc.o,167055
arm64-hwasan-ubsan/obj/BUILD_DIR/fidling/gen/sdk/fidl/fuchsia.posix.socket/fuchsia.posix.socket/cpp/fidl/fuchsia.posix.socket/cpp/fuchsia.posix.socket_cpp.natural_messaging.cc.o,167052
arm64-hwasan-ubsan/netstack3-instrumented,166358
arm64-hwasan-ubsan/exe.unstripped/netstack3-instrumented,166358
arm64-hwasan-ubsan/netstack3-instrumented.build-id.stamp,166358
arm64-hwasan-ubsan/exe.unstripped/netstack3-instrumented.rmeta,166358
arm64-hwasan-ubsan/component_manager_bin_test,165157
arm64-hwasan-ubsan/exe.unstripped/component_manager_bin_test,165157
arm64-hwasan-ubsan/component_manager_bin_test.build-id.stamp,165157
arm64-hwasan-ubsan/exe.unstripped/component_manager_bin_test.rmeta,165157
arm64-hwasan-ubsan/obj/third_party/spirv-cross/src/spirv_cross_sources.spirv_glsl.cpp.o,164540
netemul_guest_cpp,164462
exe.unstripped/netemul_guest_cpp,164462
netemul_guest_cpp.build-id.stamp,164462
obj/src/connectivity/network/netstack3/core/ip/netstack3-ip-instrumented/netstack3_ip_lib_test,164145
obj/src/connectivity/network/netstack3/core/ip/netstack3-ip-instrumented/exe.unstripped/netstack3_ip_lib_test,164145
obj/src/connectivity/network/netstack3/core/ip/netstack3-ip-instrumented/netstack3_ip_lib_test.build-id.stamp,164145
obj/src/connectivity/network/netstack3/core/ip/netstack3-ip-instrumented/exe.unstripped/netstack3_ip_lib_test.rmeta,164145
netlink_lib_test,164113
exe.unstripped/netlink_lib_test,164113
netlink_lib_test.build-id.stamp,164113
exe.unstripped/netlink_lib_test.rmeta,164113
gen/build/bazel/bazel_sdk/bazel_sdk_tests_arm64.stamp,164085
obj/build/bazel/bazel_sdk/bazel_sdk_tests_arm64.bazel_events_logs.json,164085
x64-asan-ubsan/obj/BUILD_DIR/fidling/gen/src/tests/benchmarks/fidl/benchmark_suite/benchmark_suite_fidl_union/cpp/fidl/test.benchmarkfidlunion/cpp/benchmark_suite_fidl_union_cpp.natural_ostream.cc.o,162699
x64-asan-ubsan/obj/BUILD_DIR/fidling/gen/src/tests/benchmarks/fidl/benchmark_suite/benchmark_suite_fidl/cpp/fidl/test.benchmarkfidl/cpp/benchmark_suite_fidl_cpp.natural_ostream.cc.o,162442
arm64-hwasan-ubsan/obj/third_party/spirv-cross/src/spirv_cross_sources.spirv_msl.cpp.o,161144
x64-asan-ubsan/fxfs_lib_test,159915
x64-asan-ubsan/exe.unstripped/fxfs_lib_test,159915
x64-asan-ubsan/fxfs_lib_test.build-id.stamp,159915
x64-asan-ubsan/exe.unstripped/fxfs_lib_test.rmeta,159915
arm64-hwasan-ubsan/obj/BUILD_DIR/fidling/gen/sdk/fidl/fuchsia.posix.socket/fuchsia.posix.socket/hlcpp/fuchsia/posix/socket/cpp/fuchsia.posix.socket_hlcpp.fidl.cc.o,159846
netstack3_udp_integration_test,158838
exe.unstripped/netstack3_udp_integration_test,158838
netstack3_udp_integration_test.build-id.stamp,158838
exe.unstripped/netstack3_udp_integration_test.rmeta,158838
arm64-hwasan-ubsan-shared/obj/BUILD_DIR/fidling/gen/sdk/fidl/fuchsia.posix.socket/fuchsia.posix.socket/cpp/fidl/fuchsia.posix.socket/cpp/fuchsia.posix.socket_cpp.natural_messaging.cc.o,158604
x64-asan-ubsan/obj/src/lib/zxdump/zxdump-unittests.elf-search-tests.cc.o,158579
starnix_modules_layeredfs_lib_test,158511
exe.unstripped/starnix_modules_layeredfs_lib_test,158511
starnix_modules_layeredfs_lib_test.build-id.stamp,158511
exe.unstripped/starnix_modules_layeredfs_lib_test.rmeta,158511
x64-asan-ubsan/obj/zircon/system/ulib/fbl/test/fbl-test.intrusive_singly_linked_list_tests.cc.o,157778
obj/src/connectivity/network/netstack3/core/tcp/netstack3-tcp-instrumented/netstack3_tcp_lib_test,156005
obj/src/connectivity/network/netstack3/core/tcp/netstack3-tcp-instrumented/exe.unstripped/netstack3_tcp_lib_test,156005
obj/src/connectivity/network/netstack3/core/tcp/netstack3-tcp-instrumented/netstack3_tcp_lib_test.build-id.stamp,156005
obj/src/connectivity/network/netstack3/core/tcp/netstack3-tcp-instrumented/exe.unstripped/netstack3_tcp_lib_test.rmeta,156005
obj/zircon/system/ulib/fbl/test/fbl-test.intrusive_hash_table_dll_tests.cc.o,155957
x64-asan-ubsan/obj/BUILD_DIR/fidling/gen/sdk/fidl/fuchsia.posix.socket/fuchsia.posix.socket/hlcpp/fuchsia/posix/socket/cpp/fuchsia.posix.socket_hlcpp.fidl.cc.o,155534
x64-asan-ubsan/obj/third_party/protobuf/src/src/google/protobuf/libprotobuf_full.descriptor.cc.o,154687
x64-asan-ubsan/obj/sdk/lib/ld/test/load-tests.load-tests-failure.cc.o,154275
arm64-novariant-shared/obj/BUILD_DIR/fidling/gen/sdk/fidl/fuchsia.posix.socket/fuchsia.posix.socket/cpp/fidl/fuchsia.posix.socket/cpp/fuchsia.posix.socket_cpp.wire_messaging.cc.o,153585
arm64-hwasan-ubsan/obj/zircon/system/ulib/fbl/test/fbl-test.intrusive_sized_singly_linked_list_tests.cc.o,153530
base_pinning,152775
exe.unstripped/base_pinning,152775
base_pinning.build-id.stamp,152775
exe.unstripped/base_pinning.rmeta,152775
netstack_socket_integration_test,152020
exe.unstripped/netstack_socket_integration_test,152020
netstack_socket_integration_test.build-id.stamp,152020
exe.unstripped/netstack_socket_integration_test.rmeta,152020
host_x64/fxfs_lib_test,151601
host_x64/exe.unstripped/fxfs_lib_test,151601
host_x64/fxfs_lib_test.build-id.stamp,151601
host_x64/exe.unstripped/fxfs_lib_test.rmeta,151601
starnix_modules_tracefs_lib_test,150560
exe.unstripped/starnix_modules_tracefs_lib_test,150560
starnix_modules_tracefs_lib_test.build-id.stamp,150560
exe.unstripped/starnix_modules_tracefs_lib_test.rmeta,150560
obj/BUILD_DIR/fidling/gen/sdk/fidl/fuchsia.posix.socket/fuchsia.posix.socket/cpp/fidl/fuchsia.posix.socket/cpp/fuchsia.posix.socket_cpp.wire_messaging.cc.o,149373
isolated_ota_integration_test,147777
exe.unstripped/isolated_ota_integration_test,147777
isolated_ota_integration_test.build-id.stamp,147777
exe.unstripped/isolated_ota_integration_test.rmeta,147777
netstack_filter_fidl_test,147528
exe.unstripped/netstack_filter_fidl_test,147528
netstack_filter_fidl_test.build-id.stamp,147528
exe.unstripped/netstack_filter_fidl_test.rmeta,147528
x64-asan-ubsan/obj/zircon/system/ulib/fbl/test/fbl-test.intrusive_sized_singly_linked_list_tests.cc.o,147448
arm64-hwasan-ubsan/netstack3_bin_test,147199
arm64-hwasan-ubsan/exe.unstripped/netstack3_bin_test,147199
arm64-hwasan-ubsan/netstack3_bin_test.build-id.stamp,147199
arm64-hwasan-ubsan/exe.unstripped/netstack3_bin_test.rmeta,147199
arm64-hwasan-ubsan/component_manager_src_model_tests,145349
arm64-hwasan-ubsan/exe.unstripped/component_manager_src_model_tests,145349
arm64-hwasan-ubsan/component_manager_src_model_tests.build-id.stamp,145349
arm64-hwasan-ubsan/exe.unstripped/component_manager_src_model_tests.rmeta,145349
x64-asan-ubsan/obj/third_party/spirv-cross/src/spirv_cross_sources.spirv_msl.cpp.o,144442
audio-activity-reporter-test-bin,144415
exe.unstripped/audio-activity-reporter-test-bin,144415
audio-activity-reporter-test-bin.build-id.stamp,144415
x64-shared/obj/BUILD_DIR/fidling/gen/sdk/fidl/fuchsia.posix.socket/fuchsia.posix.socket/cpp/fidl/fuchsia.posix.socket/cpp/fuchsia.posix.socket_cpp.wire_messaging.cc.o,144236
x64-asan-ubsan/obj/third_party/spirv-cross/src/spirv_cross_sources.spirv_glsl.cpp.o,144160
arm64-hwasan-ubsan/fxfs_lib_test,142765
arm64-hwasan-ubsan/exe.unstripped/fxfs_lib_test,142765
arm64-hwasan-ubsan/fxfs_lib_test.build-id.stamp,142765
arm64-hwasan-ubsan/exe.unstripped/fxfs_lib_test.rmeta,142765
x64-asan-ubsan/obj/src/connectivity/network/netstack3/bin_gub_lib.actual/libnetstack3.rlib,142740
x64-asan-ubsan/obj/src/connectivity/network/netstack3/bin_gub_lib.actual/libnetstack3.rmeta,142740
arm64-hwasan-ubsan/obj/sdk/lib/ld/test/load-tests.load-tests-failure.cc.o,142462
x64-asan-ubsan/obj/src/starnix/kernel/core/core.actual/libstarnix_core.rlib,140867
x64-asan-ubsan/obj/src/starnix/kernel/core/core.actual/libstarnix_core.rmeta,140867
arm64-hwasan-ubsan/obj/src/storage/fxfs/migration.actual/libfxfs.rlib,140843
arm64-hwasan-ubsan/obj/src/storage/fxfs/migration.actual/libfxfs.rmeta,140843
audio-core-fidelity-test-bin,140783
exe.unstripped/audio-core-fidelity-test-bin,140783
audio-core-fidelity-test-bin.build-id.stamp,140783
arm64-novariant/obj/BUILD_DIR/fidling/gen/sdk/fidl/fuchsia.posix.socket/fuchsia.posix.socket/cpp/fidl/fuchsia.posix.socket/cpp/fuchsia.posix.socket_cpp.wire_messaging.cc.o,140666
metrics,139738
exe.unstripped/metrics,139738
metrics.build-id.stamp,139738
exe.unstripped/metrics.rmeta,139738
omaha_client_integration_test,139612
exe.unstripped/omaha_client_integration_test,139612
omaha_client_integration_test.build-id.stamp,139612
exe.unstripped/omaha_client_integration_test.rmeta,139612
arm64-hwasan-ubsan/obj/third_party/protobuf/src/src/google/protobuf/libprotobuf_full.descriptor.cc.o,138934
arm64-hwasan-ubsan/obj/src/storage/fxfs/platform/platform_testing.actual/libfxfs_platform_testing.rlib,138724
arm64-hwasan-ubsan/obj/src/storage/fxfs/platform/platform_testing.actual/libfxfs_platform_testing.rmeta,138724
x64-novariant-shared/obj/BUILD_DIR/fidling/gen/sdk/fidl/fuchsia.posix.socket/fuchsia.posix.socket/cpp/fidl/fuchsia.posix.socket/cpp/fuchsia.posix.socket_cpp.wire_messaging.cc.o,137835
x64-novariant/obj/BUILD_DIR/fidling/gen/sdk/fidl/fuchsia.posix.socket/fuchsia.posix.socket/cpp/fidl/fuchsia.posix.socket/cpp/fuchsia.posix.socket_cpp.wire_messaging.cc.o,137300
host_x64/obj/zircon/system/ulib/fbl/test/fbl-test.intrusive_hash_table_dll_tests.cc.o,136340
x64-asan-ubsan/obj/sdk/lib/driver_test_realm/realm_builder/cpp/cpp.builder.cc.o,136214
isolated_swd_lib_test,136187
exe.unstripped/isolated_swd_lib_test,136187
isolated_swd_lib_test.build-id.stamp,136187
exe.unstripped/isolated_swd_lib_test.rmeta,136187
host_x64/test_data/emulator/femu.tar.gz,136143
x64-asan-ubsan-shared/obj/third_party/spirv-cross/src/spirv_cross_sources.spirv_msl.cpp.o,135190
arm64-hwasan-ubsan/obj/BUILD_DIR/arm64-hwasan-ubsan/gen/sdk/lib/fidl/cpp/tests/conformance/conformance_suite__transformer2.gidl_generated_conformance_suite__transformer2.cc.o,134977
arm64-hwasan-ubsan/obj/BUILD_DIR/arm64-hwasan-ubsan/gen/sdk/lib/fidl/cpp/tests/conformance/conformance_suite__vectors.gidl_generated_conformance_suite__vectors.cc.o,134020
resolve_with_context,133898
exe.unstripped/resolve_with_context,133898
resolve_with_context.build-id.stamp,133898
exe.unstripped/resolve_with_context.rmeta,133898
arm64-hwasan-ubsan/obj/src/devices/block/drivers/sdmmc/sdmmc-block-test.sdmmc-block-device-test.cc.o,133739
x64-asan-ubsan/obj/BUILD_DIR/fidling/gen/sdk/fidl/fuchsia.sys2/fuchsia.sys2/cpp/fidl/fuchsia.sys2/cpp/fuchsia.sys2_cpp.natural_messaging.cc.o,133642
arm64-hwasan-ubsan/component_manager_with_tracing,133460
arm64-hwasan-ubsan/exe.unstripped/component_manager_with_tracing,133460
arm64-hwasan-ubsan/component_manager_with_tracing.build-id.stamp,133460
arm64-hwasan-ubsan/exe.unstripped/component_manager_with_tracing.rmeta,133460
x64-asan-ubsan/netstack3,132837
x64-asan-ubsan/exe.unstripped/netstack3,132837
x64-asan-ubsan/netstack3.build-id.stamp,132837
x64-asan-ubsan/exe.unstripped/netstack3.rmeta,132837
persists_tuf_metadata,131615
exe.unstripped/persists_tuf_metadata,131615
persists_tuf_metadata.build-id.stamp,131615
exe.unstripped/persists_tuf_metadata.rmeta,131615
fxfs_golden_image_test_bin,131582
exe.unstripped/fxfs_golden_image_test_bin,131582
fxfs_golden_image_test_bin.build-id.stamp,131582
exe.unstripped/fxfs_golden_image_test_bin.rmeta,131582
netcfg_lib_test,131576
exe.unstripped/netcfg_lib_test,131576
netcfg_lib_test.build-id.stamp,131576
exe.unstripped/netcfg_lib_test.rmeta,131576
arm64-hwasan-ubsan-shared/obj/third_party/Vulkan-ValidationLayers/src/layers/error_message/VkLayer_khronos_validation.logging.cpp.o,131338
arm64-hwasan-ubsan/obj/src/connectivity/network/tests/socket/netstack_dgramsocket_test.dgramsocket_test.cc.o,131282
fshost_integration_tests_fxfs_bad_provision_fxfs_bin,131190
exe.unstripped/fshost_integration_tests_fxfs_bad_provision_fxfs_bin,131190
fshost_integration_tests_fxfs_bad_provision_fxfs_bin.build-id.stamp,131190
exe.unstripped/fshost_integration_tests_fxfs_bad_provision_fxfs_bin.rmeta,131190
obj/src/connectivity/network/netstack3/core/lib_fuzz_single_device_lib_rustc_static.a,130995
obj/src/connectivity/network/netstack3/core/lib_fuzz_single_device_lib_rustc_static.rmeta,130995
arm64-hwasan-ubsan/obj/src/lib/fidl_codec/fidl_codec_test_bin.wire_parser_test.cc.o,130577
resolve_succeeds,129944
exe.unstripped/resolve_succeeds,129944
resolve_succeeds.build-id.stamp,129944
exe.unstripped/resolve_succeeds.rmeta,129944
x64-asan-ubsan/obj/src/lib/elfldltl/test/elfldltl-unittests.load-tests.cc.o,129775
wlan_sme_lib_test,129395
exe.unstripped/wlan_sme_lib_test,129395
wlan_sme_lib_test.build-id.stamp,129395
exe.unstripped/wlan_sme_lib_test.rmeta,129395
host_x64/obj/src/developer/ffx/tests/e2e/python/direct_conn_e2e_test_python_binary_mypy_checker.mypy_checked,128728
arm64-hwasan-ubsan/obj/sdk/lib/driver_test_realm/realm_builder/cpp/cpp.builder.cc.o,127809
test-fxfs,127667
exe.unstripped/test-fxfs,127667
test-fxfs.build-id.stamp,127667
exe.unstripped/test-fxfs.rmeta,127667
obj/src/connectivity/network/netstack3/core/netstack3-core-testutils/libnetstack3_core.rlib,127534
obj/src/connectivity/network/netstack3/core/netstack3-core-testutils/libnetstack3_core.rmeta,127534
obj/zircon/system/ulib/fbl/test/fbl-test.intrusive_hash_table_sll_tests.cc.o,126604
arm64-hwasan-ubsan/obj/src/storage/fxfs/platform/platform.actual/libfxfs_platform.rlib,126164
arm64-hwasan-ubsan/obj/src/storage/fxfs/platform/platform.actual/libfxfs_platform.rmeta,126164
system_cache_fallback,125677
exe.unstripped/system_cache_fallback,125677
system_cache_fallback.build-id.stamp,125677
exe.unstripped/system_cache_fallback.rmeta,125677
metrics_logger_bin_test,125520
exe.unstripped/metrics_logger_bin_test,125520
metrics_logger_bin_test.build-id.stamp,125520
exe.unstripped/metrics_logger_bin_test.rmeta,125520
host_x64/obj/src/testing/end_to_end/examples/data_resource_access_test/data_resource_access_test_python_binary_mypy_checker.mypy_checked,125515
arm64-hwasan-ubsan/obj/src/lib/elfldltl/test/elfldltl-unittests.dynamic-tests.cc.o,125326
x64-asan-ubsan/obj/src/lib/fidl_codec/fidl_codec_test_bin.wire_parser_test.cc.o,125251
host_x64/obj/src/developer/ffx/tests/e2e/python/ffx_host_tool_e2e_test_python_binary_mypy_checker.mypy_checked,125142
host_x64/obj/src/testing/end_to_end/honeydew/honeydew/affordances/starnix/tests/unit_tests/starnix_using_ffx_test_python_binary_mypy_checker.mypy_checked,124792
host_x64/obj/src/testing/end_to_end/honeydew/honeydew/affordances/tracing/tests/unit_tests/tracing_using_fc_test_python_binary_mypy_checker.mypy_checked,124201
host_x64/obj/src/testing/end_to_end/honeydew/honeydew/affordances/ui/screenshot/tests/unit_tests/screenshot_using_ffx_test_python_binary_mypy_checker.mypy_checked,123801
obj/src/media/audio/audio_core/audio_core_main.main.cc.o,123706
host_x64/obj/src/testing/end_to_end/honeydew/honeydew/utils/tests/unit_tests/inspect_test_python_binary_mypy_checker.mypy_checked,123582
host_x64/obj/src/tests/end_to_end/reboot_hang/reboot_hang_test_python_binary_mypy_checker.mypy_checked,123451
arm64-hwasan-ubsan-shared/obj/third_party/Vulkan-ValidationLayers/src/layers/vulkan/generated/VkLayer_khronos_validation.stateless_validation_helper.cpp.o,123445
x64-asan-ubsan/fidl_codec_rust_conformance_tests,123441
x64-asan-ubsan/exe.unstripped/fidl_codec_rust_conformance_tests,123441
x64-asan-ubsan/fidl_codec_rust_conformance_tests.build-id.stamp,123441
x64-asan-ubsan/exe.unstripped/fidl_codec_rust_conformance_tests.rmeta,123441
sl4f_lib_lib_test,123405
exe.unstripped/sl4f_lib_lib_test,123405
sl4f_lib_lib_test.build-id.stamp,123405
exe.unstripped/sl4f_lib_lib_test.rmeta,123405
resolve_succeeds_with_broken_minfs,123346
exe.unstripped/resolve_succeeds_with_broken_minfs,123346
resolve_succeeds_with_broken_minfs.build-id.stamp,123346
exe.unstripped/resolve_succeeds_with_broken_minfs.rmeta,123346
eager_updates,123287
exe.unstripped/eager_updates,123287
eager_updates.build-id.stamp,123287
exe.unstripped/eager_updates.rmeta,123287
iquery_test,123227
exe.unstripped/iquery_test,123227
iquery_test.build-id.stamp,123227
exe.unstripped/iquery_test.rmeta,123227
host_x64/obj/src/testing/end_to_end/honeydew/honeydew_no_testonly_mypy_checker.mypy_checked,123085
host_x64/obj/src/testing/end_to_end/honeydew/honeydew/affordances/media/tests/unit_tests/media_using_fc_test_python_binary_mypy_checker.mypy_checked,123022
host_x64/obj/src/testing/end_to_end/honeydew/honeydew/affordances/connectivity/bluetooth/utils/tests/unit_tests/bluetooth_fidl_servers_fc_test_python_binary_mypy_checker.mypy_checked,122673
pkg_resolve_inspect,122570
exe.unstripped/pkg_resolve_inspect,122570
pkg_resolve_inspect.build-id.stamp,122570
exe.unstripped/pkg_resolve_inspect.rmeta,122570
host_x64/obj/src/testing/end_to_end/honeydew/honeydew/affordances/hello_world/tests/unit_tests/hello_world_using_ffx_test_python_binary_mypy_checker.mypy_checked,122243
obj/src/connectivity/network/netstack3/core/netstack3-core-benchmarks/libnetstack3_core.rlib,122163
obj/src/connectivity/network/netstack3/core/netstack3-core-benchmarks/libnetstack3_core.rmeta,122163
host_x64/obj/src/testing/end_to_end/honeydew/honeydew/affordances/drivers/fake_battery/tests/unit_tests_python_binary_mypy_checker.mypy_checked,122099
host_x64/obj/src/testing/end_to_end/honeydew/honeydew/fuchsia_device/tests/unit_tests/fuchsia_device_test_python_binary_mypy_checker.mypy_checked,122031
host_x64/obj/src/testing/end_to_end/honeydew/honeydew/affordances/connectivity/netstack/tests/unit_tests_python_binary_mypy_checker.mypy_checked,121717
x64-asan-ubsan/obj/src/devices/block/drivers/sdmmc/sdmmc-block-test.sdmmc-block-device-test.cc.o,121708
host_x64/obj/src/testing/end_to_end/honeydew/honeydew/auxiliary_devices/power_switch/tests/unit_tests/power_switch_using_pdu_test_python_binary_mypy_checker.mypy_checked,121579
host_x64/obj/src/testing/end_to_end/honeydew/honeydew/utils/tests/unit_tests/decorators_test_python_binary_mypy_checker.mypy_checked,121218
host_x64-asan-ubsan/obj/zircon/system/ulib/fbl/test/fbl-test.intrusive_singly_linked_list_tests.cc.o,121209
host_x64/obj/src/testing/end_to_end/honeydew/honeydew/transports/ffx/tests/unit_tests/ffx_config_test_python_binary_mypy_checker.mypy_checked,121047
resolve_overwrites_blobs,121024
exe.unstripped/resolve_overwrites_blobs,121024
resolve_overwrites_blobs.build-id.stamp,121024
exe.unstripped/resolve_overwrites_blobs.rmeta,121024
host_x64/obj/src/testing/end_to_end/honeydew/tests/unit_tests/utils_tests/decorators_test_python_binary_mypy_checker.mypy_checked,120958
host_x64-asan-ubsan/obj/zircon/system/ulib/fbl/test/fbl-test.intrusive_sized_singly_linked_list_tests.cc.o,120721
x64-asan-ubsan/obj/BUILD_DIR/x64-asan-ubsan/gen/sdk/lib/fidl/cpp/tests/conformance/conformance_suite__vectors.gidl_generated_conformance_suite__vectors.cc.o,120657
arm64-hwasan-ubsan-shared/obj/third_party/spirv-cross/src/spirv_cross_sources.spirv_msl.cpp.o,120597
x64-asan-ubsan/obj/src/devices/bin/driver_manager/tests/driver_runner_test.driver_runner_test.cc.o,120590
obj/src/storage/fxfs/lib_fuzz_journal_bytes_lib_rustc_static.a,120558
obj/src/storage/fxfs/lib_fuzz_journal_bytes_lib_rustc_static.rmeta,120558
arm64-hwasan-ubsan/obj/src/ui/scenic/lib/flatland/engine/tests/flatland_engine_unittests.display_compositor_unittest.cc.o,120548
resolve_recovers_from_http_errors,120535
exe.unstripped/resolve_recovers_from_http_errors,120535
resolve_recovers_from_http_errors.build-id.stamp,120535
exe.unstripped/resolve_recovers_from_http_errors.rmeta,120535
host_x64/obj/src/testing/end_to_end/honeydew/honeydew/affordances/connectivity/wlan/wlan_policy/tests/unit_tests_python_binary_mypy_checker.mypy_checked,120481
netstack_product_flow_integration_test,120350
exe.unstripped/netstack_product_flow_integration_test,120350
netstack_product_flow_integration_test.build-id.stamp,120350
exe.unstripped/netstack_product_flow_integration_test.rmeta,120350
grand_swd_binary,119981
exe.unstripped/grand_swd_binary,119981
grand_swd_binary.build-id.stamp,119981
exe.unstripped/grand_swd_binary.rmeta,119981
archivist_lib_lib_test,119962
exe.unstripped/archivist_lib_lib_test,119962
archivist_lib_lib_test.build-id.stamp,119962
exe.unstripped/archivist_lib_lib_test.rmeta,119962
host_x64/obj/src/testing/end_to_end/honeydew/honeydew/affordances/connectivity/bluetooth/gap/tests/unit_tests/gap_using_fc_test_python_binary_mypy_checker.mypy_checked,119937
host_x64/obj/src/testing/end_to_end/honeydew/honeydew/affordances/ui/screenshot/tests/unit_tests/types_test_python_binary_mypy_checker.mypy_checked,119620
resolve_propagates_blobfs_failure,119465
exe.unstripped/resolve_propagates_blobfs_failure,119465
resolve_propagates_blobfs_failure.build-id.stamp,119465
exe.unstripped/resolve_propagates_blobfs_failure.rmeta,119465
resolve_resumes_blob_gets,119275
exe.unstripped/resolve_resumes_blob_gets,119275
resolve_resumes_blob_gets.build-id.stamp,119275
exe.unstripped/resolve_resumes_blob_gets.rmeta,119275
obj/src/connectivity/network/netstack3/core/udp/netstack3-udp-instrumented/netstack3_udp_lib_test,119128
obj/src/connectivity/network/netstack3/core/udp/netstack3-udp-instrumented/exe.unstripped/netstack3_udp_lib_test,119128
obj/src/connectivity/network/netstack3/core/udp/netstack3-udp-instrumented/netstack3_udp_lib_test.build-id.stamp,119128
obj/src/connectivity/network/netstack3/core/udp/netstack3-udp-instrumented/exe.unstripped/netstack3_udp_lib_test.rmeta,119128
host_x64/obj/src/testing/end_to_end/honeydew/honeydew/utils/tests/unit_tests/power_test_python_binary_mypy_checker.mypy_checked,118533
resolve_fails,118421
exe.unstripped/resolve_fails,118421
resolve_fails.build-id.stamp,118421
exe.unstripped/resolve_fails.rmeta,118421
host_x64/obj/src/testing/end_to_end/mobly_driver/tests/functional_tests/test_honeydew_integration/test_honeydew_integration_python_binary_mypy_checker.mypy_checked,118016
emergency_lib_lib_test,117928
exe.unstripped/emergency_lib_lib_test,117928
emergency_lib_lib_test.build-id.stamp,117928
exe.unstripped/emergency_lib_lib_test.rmeta,117928
topology_test_daemon_integration_test,117857
exe.unstripped/topology_test_daemon_integration_test,117857
topology_test_daemon_integration_test.build-id.stamp,117857
exe.unstripped/topology_test_daemon_integration_test.rmeta,117857
host_x64/obj/src/testing/end_to_end/honeydew/honeydew/utils/tests/unit_tests/control_flows_test_python_binary_mypy_checker.mypy_checked,117845
net_cli_integration_test,117496
exe.unstripped/net_cli_integration_test,117496
net_cli_integration_test.build-id.stamp,117496
exe.unstripped/net_cli_integration_test.rmeta,117496
get_hash,117470
exe.unstripped/get_hash,117470
get_hash.build-id.stamp,117470
exe.unstripped/get_hash.rmeta,117470
obj/src/storage/fxfs/lib_fuzz_journal_lib_rustc_static.a,117460
obj/src/storage/fxfs/lib_fuzz_journal_lib_rustc_static.rmeta,117460
host_x64/obj/src/testing/end_to_end/honeydew/honeydew/transports/sl4f/tests/unit_tests/sl4f_test_python_binary_mypy_checker.mypy_checked,117448
host_x64/obj/src/testing/end_to_end/honeydew/honeydew/affordances/connectivity/bluetooth/avrcp/tests/unit_tests/avrcp_using_sl4f_test_python_binary_mypy_checker.mypy_checked,117109
fuchsia_pkg_testing_lib_test,116994
exe.unstripped/fuchsia_pkg_testing_lib_test,116994
fuchsia_pkg_testing_lib_test.build-id.stamp,116994
exe.unstripped/fuchsia_pkg_testing_lib_test.rmeta,116994
bt_hfp_audio_gateway_integration_tests,116575
exe.unstripped/bt_hfp_audio_gateway_integration_tests,116575
bt_hfp_audio_gateway_integration_tests.build-id.stamp,116575
exe.unstripped/bt_hfp_audio_gateway_integration_tests.rmeta,116575
x64-asan-ubsan/obj/src/connectivity/network/tests/socket/netstack_dgramsocket_test.dgramsocket_test.cc.o,116063
obj/BUILD_DIR/fidling/gen/src/lib/fidl/llcpp/tests/message_container/fidl.llcpp.buffersize.test/cpp/fidl/fidl.llcpp.buffersize.test/cpp/fidl.llcpp.buffersize.test_cpp.type_conversions.cc.o,116044
arm64-hwasan-ubsan/obj/src/ui/scenic/bin/scenic.app.cc.o,116036
host_x64/obj/src/testing/end_to_end/honeydew/tests/unit_tests/utils_tests/common_utils_test_python_binary_mypy_checker.mypy_checked,115850
host_x64/obj/src/testing/end_to_end/honeydew/honeydew/affordances/session/tests/unit_tests/session_using_ffx_test_python_binary_mypy_checker.mypy_checked,115411
dynamic_rewrite_disabled,115386
exe.unstripped/dynamic_rewrite_disabled,115386
dynamic_rewrite_disabled.build-id.stamp,115386
exe.unstripped/dynamic_rewrite_disabled.rmeta,115386
arm64-hwasan-ubsan/component_manager,115294
arm64-hwasan-ubsan/exe.unstripped/component_manager,115294
arm64-hwasan-ubsan/component_manager.build-id.stamp,115294
arm64-hwasan-ubsan/exe.unstripped/component_manager.rmeta,115294
host_x64/obj/src/testing/end_to_end/honeydew/honeydew/affordances/connectivity/wlan/wlan_policy_ap/tests/unit_tests_python_binary_mypy_checker.mypy_checked,114957
host_x64/obj/src/testing/end_to_end/honeydew/tests/unit_tests/init_test_python_binary_mypy_checker.mypy_checked,114838
arm64-hwasan-ubsan/obj/src/devices/block/drivers/aml-sdmmc/aml-sdmmc-test.aml-sdmmc-with-banjo-test.cc.o,114729
arm64-hwasan-ubsan/obj/src/ui/scenic/lib/flatland/tests/flatland_unittests.flatland_unittest.cc.o,114627
driver_index,114614
exe.unstripped/driver_index,114614
driver_index.build-id.stamp,114614
exe.unstripped/driver_index.rmeta,114614
netstack_interfaces_admin_fidl_test,114529
exe.unstripped/netstack_interfaces_admin_fidl_test,114529
netstack_interfaces_admin_fidl_test.build-id.stamp,114529
exe.unstripped/netstack_interfaces_admin_fidl_test.rmeta,114529
power_manager_integration_test,114382
exe.unstripped/power_manager_integration_test,114382
power_manager_integration_test.build-id.stamp,114382
exe.unstripped/power_manager_integration_test.rmeta,114382
x64-asan-ubsan/component_manager,114198
x64-asan-ubsan/exe.unstripped/component_manager,114198
x64-asan-ubsan/component_manager.build-id.stamp,114198
x64-asan-ubsan/exe.unstripped/component_manager.rmeta,114198
x64-asan-ubsan/obj/src/storage/fxfs/platform/platform_testing.actual/libfxfs_platform_testing.rlib,114144
x64-asan-ubsan/obj/src/storage/fxfs/platform/platform_testing.actual/libfxfs_platform_testing.rmeta,114144
fuchsia_audio_lib_test,113960
exe.unstripped/fuchsia_audio_lib_test,113960
fuchsia_audio_lib_test.build-id.stamp,113960
exe.unstripped/fuchsia_audio_lib_test.rmeta,113960
host_x64/obj/zircon/system/ulib/fbl/test/fbl-test.intrusive_hash_table_sll_tests.cc.o,113952
lowpan_ot_driver_bin_test,113843
exe.unstripped/lowpan_ot_driver_bin_test,113843
lowpan_ot_driver_bin_test.build-id.stamp,113843
exe.unstripped/lowpan_ot_driver_bin_test.rmeta,113843
x64-asan-ubsan/obj/zircon/system/ulib/ffl/test/ffl-test.ffl_tests.cc.o,113831
x64-asan-ubsan/obj/src/storage/fxfs/migration.actual/libfxfs.rlib,113815
x64-asan-ubsan/obj/src/storage/fxfs/migration.actual/libfxfs.rmeta,113815
host_x64-asan-ubsan/obj/src/lib/elfldltl/test/elfldltl-unittests.load-tests.cc.o,113539
ota_downloader,113416
exe.unstripped/ota_downloader,113416
ota_downloader.build-id.stamp,113416
exe.unstripped/ota_downloader.rmeta,113416
arm64-hwasan-ubsan/obj/src/firmware/paver/test/paversvc_test.paversvc-test.cc.o,113268
host_x64/obj/src/testing/end_to_end/honeydew/honeydew/affordances/drivers/hardware/power/tests/unit_tests_python_binary_mypy_checker.mypy_checked,112921
fdf_component_lib_test,112753
exe.unstripped/fdf_component_lib_test,112753
fdf_component_lib_test.build-id.stamp,112753
exe.unstripped/fdf_component_lib_test.rmeta,112753
policy_management_integration_test,112680
exe.unstripped/policy_management_integration_test,112680
policy_management_integration_test.build-id.stamp,112680
exe.unstripped/policy_management_integration_test.rmeta,112680
fshost_integration_tests_fvm_minfs_volume_death_bin,112245
exe.unstripped/fshost_integration_tests_fvm_minfs_volume_death_bin,112245
fshost_integration_tests_fvm_minfs_volume_death_bin.build-id.stamp,112245
exe.unstripped/fshost_integration_tests_fvm_minfs_volume_death_bin.rmeta,112245
system_updater_test,112089
exe.unstripped/system_updater_test,112089
system_updater_test.build-id.stamp,112089
exe.unstripped/system_updater_test.rmeta,112089
fuchsia_inspect_contrib_lib_test,111775
exe.unstripped/fuchsia_inspect_contrib_lib_test,111775
fuchsia_inspect_contrib_lib_test.build-id.stamp,111775
exe.unstripped/fuchsia_inspect_contrib_lib_test.rmeta,111775
host_x64/obj/src/developer/ffx/tests/e2e/python/ffx_test_case_mypy_checker.mypy_checked,111529
x64-asan-ubsan/obj/src/storage/fxfs/platform/platform.actual/libfxfs_platform.rlib,111514
x64-asan-ubsan/obj/src/storage/fxfs/platform/platform.actual/libfxfs_platform.rmeta,111514
x64-asan-ubsan/obj/src/ui/scenic/bin/scenic.app.cc.o,111514
system_update_checker_bin_test,111399
exe.unstripped/system_update_checker_bin_test,111399
system_update_checker_bin_test.build-id.stamp,111399
exe.unstripped/system_update_checker_bin_test.rmeta,111399
arm64-hwasan-ubsan/obj/BUILD_DIR/fidling/gen/sdk/fidl/fuchsia.sysmem2/fuchsia.sysmem2/cpp/fidl/fuchsia.sysmem2/cpp/fuchsia.sysmem2_cpp.natural_messaging.cc.o,111364
test_output_directory_lib_test,111255
exe.unstripped/test_output_directory_lib_test,111255
test_output_directory_lib_test.build-id.stamp,111255
exe.unstripped/test_output_directory_lib_test.rmeta,111255
host_x64/obj/src/testing/end_to_end/honeydew/tests/unit_tests/utils_tests/http_utils_test_python_binary_mypy_checker.mypy_checked,111162
host_x64/obj/src/testing/end_to_end/honeydew/honeydew/auxiliary_devices/usb_power_hub/tests/unit_tests/linux_virtual_usb_hub_test_python_binary_mypy_checker.mypy_checked,111059
x64-asan-ubsan/obj/src/ui/scenic/lib/flatland/engine/tests/flatland_engine_unittests.display_compositor_unittest.cc.o,110549
fshost_bin_test,110254
exe.unstripped/fshost_bin_test,110254
fshost_bin_test.build-id.stamp,110254
exe.unstripped/fshost_bin_test.rmeta,110254
arm64-hwasan-ubsan/obj/src/media/audio/services/device_registry/audio_services_device_registry_unittests.inspector_unittest.cc.o,109803
host_x64-asan-ubsan/obj/BUILD_DIR/fidling/gen/src/tests/fidl/conformance_suite/conformance_fidl/cpp/fidl/test.conformance/cpp/conformance_fidl_cpp.natural_types.cc.o,109439
bt_a2dp_encoding_tests,109304
exe.unstripped/bt_a2dp_encoding_tests,109304
bt_a2dp_encoding_tests.build-id.stamp,109304
exe.unstripped/bt_a2dp_encoding_tests.rmeta,109304
host_x64/obj/src/testing/end_to_end/examples/fidl_hello_world_test/fidl_hello_world_test_python_binary_mypy_checker.mypy_checked,109279
omaha_client_service_lib_test,109199
exe.unstripped/omaha_client_service_lib_test,109199
omaha_client_service_lib_test.build-id.stamp,109199
exe.unstripped/omaha_client_service_lib_test.rmeta,109199
host_x64/obj/src/testing/end_to_end/mobly_base_tests/fuchsia_base_test/fuchsia_base_test_no_testonly_mypy_checker.mypy_checked,109165
host_x64/obj/src/testing/end_to_end/honeydew/honeydew/affordances/ui/user_input/tests/unit_tests/user_input_using_fc_test_python_binary_mypy_checker.mypy_checked,108859
arm64-hwasan-ubsan/obj/src/connectivity/network/netstack3/core/ip/netstack3-ip-instrumented/netstack3_ip_lib_test,108858
arm64-hwasan-ubsan/obj/src/connectivity/network/netstack3/core/ip/netstack3-ip-instrumented/exe.unstripped/netstack3_ip_lib_test,108858
arm64-hwasan-ubsan/obj/src/connectivity/network/netstack3/core/ip/netstack3-ip-instrumented/netstack3_ip_lib_test.build-id.stamp,108858
arm64-hwasan-ubsan/obj/src/connectivity/network/netstack3/core/ip/netstack3-ip-instrumented/exe.unstripped/netstack3_ip_lib_test.rmeta,108858
host_x64/obj/src/testing/end_to_end/honeydew/honeydew/affordances/connectivity/bluetooth/le/tests/unit_tests/le_using_fc_test_python_binary_mypy_checker.mypy_checked,108782
fshost,108762
exe.unstripped/fshost,108762
fshost.build-id.stamp,108762
exe.unstripped/fshost.rmeta,108762
host_x64/obj/src/testing/end_to_end/honeydew/honeydew/auxiliary_devices/usb_power_hub/tests/unit_tests/usb_power_hub_using_dmc_test_python_binary_mypy_checker.mypy_checked,108719
host_x64/obj/src/developer/ffx/tests/e2e/python/ffx_strict_host_tool_e2e_test_python_binary_mypy_checker.mypy_checked,108669
arm64-hwasan-ubsan/obj/src/firmware/paver/test/device_partitioner_test.device-partitioner-test.cc.o,108411
host_x64/obj/src/testing/end_to_end/honeydew/honeydew/transports/serial/tests/unit_tests/serial_using_unix_socket_test_python_binary_mypy_checker.mypy_checked,108389
httpdate_hyper_lib_test,108320
exe.unstripped/httpdate_hyper_lib_test,108320
httpdate_hyper_lib_test.build-id.stamp,108320
exe.unstripped/httpdate_hyper_lib_test.rmeta,108320
x64-novariant/obj/src/starnix/kernel/core/core.actual/libstarnix_core.rlib,108005
x64-novariant/obj/src/starnix/kernel/core/core.actual/libstarnix_core.rmeta,108005
bt_obex_lib_test,107734
exe.unstripped/bt_obex_lib_test,107734
bt_obex_lib_test.build-id.stamp,107734
exe.unstripped/bt_obex_lib_test.rmeta,107734
host_x64/obj/src/testing/end_to_end/honeydew/honeydew/utils/tests/unit_tests/screenshot_test_python_binary_mypy_checker.mypy_checked,107579
host_x64/obj/src/testing/end_to_end/honeydew/honeydew/auxiliary_devices/power_switch/tests/unit_tests/power_switch_using_dmc_test_python_binary_mypy_checker.mypy_checked,107410
arm64-hwasan-ubsan/netstack_filter_fidl_test,107321
arm64-hwasan-ubsan/exe.unstripped/netstack_filter_fidl_test,107321
arm64-hwasan-ubsan/netstack_filter_fidl_test.build-id.stamp,107321
arm64-hwasan-ubsan/exe.unstripped/netstack_filter_fidl_test.rmeta,107321
system_updater_bin_test,107293
exe.unstripped/system_updater_bin_test,107293
system_updater_bin_test.build-id.stamp,107293
exe.unstripped/system_updater_bin_test.rmeta,107293
host_x64/obj/src/testing/end_to_end/honeydew/tests/unit_tests/typing_tests/custom_types_test_python_binary_mypy_checker.mypy_checked,107111
x64-asan-ubsan/obj/BUILD_DIR/fidling/gen/src/tests/fidl/conformance_suite/conformance_fidl/cpp/fidl/test.conformance/cpp/conformance_fidl_cpp.natural_types.cc.o,107102
host_x64/obj/src/testing/end_to_end/examples/hello_world_test/hello_world_test_python_binary_mypy_checker.mypy_checked,107068
arm64-hwasan-ubsan/obj/BUILD_DIR/arm64-hwasan-ubsan/gen/sdk/ctf/tests/pkg/fidl/cpp/conformance_suite__vectors.gidl_generated_conformance_suite__vectors.cc.o,107054
host_x64/obj/src/testing/end_to_end/honeydew/honeydew/transports/fastboot/tests/unit_tests/fastboot_test_python_binary_mypy_checker.mypy_checked,106783
gpt_component_lib_test,106526
exe.unstripped/gpt_component_lib_test,106526
gpt_component_lib_test.build-id.stamp,106526
exe.unstripped/gpt_component_lib_test.rmeta,106526
x64-asan-ubsan/obj/src/ui/scenic/lib/flatland/tests/flatland_unittests.flatland_unittest.cc.o,106483
host_x64/obj/src/testing/end_to_end/examples/test_cases_example/test_cases_example_python_binary_mypy_checker.mypy_checked,106414
netlink_integration_test,106326
exe.unstripped/netlink_integration_test,106326
netlink_integration_test.build-id.stamp,106326
exe.unstripped/netlink_integration_test.rmeta,106326
host_x64/obj/src/testing/end_to_end/honeydew/tests/unit_tests/utils_tests/host_shell_test_python_binary_mypy_checker.mypy_checked,105720
x64-asan-ubsan/obj/BUILD_DIR/x64-asan-ubsan/gen/sdk/lib/fidl/cpp/tests/conformance/conformance_suite__transformer2.gidl_generated_conformance_suite__transformer2.cc.o,105420
netstack_routes_admin_fidl_test,105059
exe.unstripped/netstack_routes_admin_fidl_test,105059
netstack_routes_admin_fidl_test.build-id.stamp,105059
exe.unstripped/netstack_routes_admin_fidl_test.rmeta,105059
arm64-hwasan-ubsan/obj/BUILD_DIR/fidling/gen/sdk/fidl/fuchsia.sys2/fuchsia.sys2/cpp/fidl/fuchsia.sys2/cpp/fuchsia.sys2_cpp.natural_messaging.cc.o,105054
arm64-hwasan-ubsan/obj/src/starnix/kernel/core/core.actual/libstarnix_core.rlib,105045
arm64-hwasan-ubsan/obj/src/starnix/kernel/core/core.actual/libstarnix_core.rmeta,105045
ext4_parser_lib_test,104955
exe.unstripped/ext4_parser_lib_test,104955
ext4_parser_lib_test.build-id.stamp,104955
exe.unstripped/ext4_parser_lib_test.rmeta,104955
host_x64/obj/src/testing/end_to_end/honeydew/honeydew/affordances/drivers/battery_manager/tests/unit_tests_python_binary_mypy_checker.mypy_checked,104931
host_x64/obj/src/testing/end_to_end/honeydew/honeydew/transports/ffx/tests/unit_tests/ffx_test_python_binary_mypy_checker.mypy_checked,104834
host_x64/obj/src/testing/end_to_end/honeydew/honeydew/affordances/power/system_power_state_controller/tests/unit_tests/system_power_state_controller_using_starnix_test_python_binary_mypy_checker.mypy_checked,104675
x64-asan-ubsan/wlancfg_lib_lib_test,104620
x64-asan-ubsan/exe.unstripped/wlancfg_lib_lib_test,104620
x64-asan-ubsan/wlancfg_lib_lib_test.build-id.stamp,104620
x64-asan-ubsan/exe.unstripped/wlancfg_lib_lib_test.rmeta,104620
component_debug_lib_test,104447
exe.unstripped/component_debug_lib_test,104447
component_debug_lib_test.build-id.stamp,104447
exe.unstripped/component_debug_lib_test.rmeta,104447
x64-asan-ubsan/component_manager_with_tracing_and_heapdump,104364
x64-asan-ubsan/exe.unstripped/component_manager_with_tracing_and_heapdump,104364
x64-asan-ubsan/component_manager_with_tracing_and_heapdump.build-id.stamp,104364
x64-asan-ubsan/exe.unstripped/component_manager_with_tracing_and_heapdump.rmeta,104364
host_x64/obj/src/testing/end_to_end/honeydew/honeydew/affordances/rtc/tests/unit_tests/rtc_using_fc_test_python_binary_mypy_checker.mypy_checked,103919
host_x64/obj/src/testing/end_to_end/honeydew/honeydew/affordances/connectivity/bluetooth/bluetooth_common/tests/unit_tests/bluetooth_common_using_fc_test_python_binary_mypy_checker.mypy_checked,103893
x64-asan-ubsan/obj/third_party/boringssl/src/ssl/ssl_test.ssl_test.cc.o,103744
x64-asan-ubsan/obj/src/devices/block/drivers/aml-sdmmc/aml-sdmmc-test.aml-sdmmc-with-banjo-test.cc.o,103675
x64-asan-ubsan/obj/BUILD_DIR/fidling/gen/src/lib/fidl/llcpp/tests/message_container/fidl.llcpp.buffersize.test/cpp/fidl/fidl.llcpp.buffersize.test/cpp/fidl.llcpp.buffersize.test_cpp.type_conversions.cc.o,103638
x64-asan-ubsan/wlan_mlme_lib_test,103612
x64-asan-ubsan/exe.unstripped/wlan_mlme_lib_test,103612
x64-asan-ubsan/wlan_mlme_lib_test.build-id.stamp,103612
x64-asan-ubsan/exe.unstripped/wlan_mlme_lib_test.rmeta,103612
arm64-hwasan-ubsan/obj/BUILD_DIR/fidling/gen/src/tests/fidl/conformance_suite/conformance_fidl/cpp/fidl/test.conformance/cpp/conformance_fidl_cpp.natural_types.cc.o,103592
x64-asan-ubsan/component_manager_with_tracing,103570
x64-asan-ubsan/exe.unstripped/component_manager_with_tracing,103570
x64-asan-ubsan/component_manager_with_tracing.build-id.stamp,103570
x64-asan-ubsan/exe.unstripped/component_manager_with_tracing.rmeta,103570
f2fs_migrate_lib_test,103467
exe.unstripped/f2fs_migrate_lib_test,103467
f2fs_migrate_lib_test.build-id.stamp,103467
exe.unstripped/f2fs_migrate_lib_test.rmeta,103467
host_x64/obj/src/testing/end_to_end/honeydew/honeydew/transports/fuchsia_controller/tests/unit_tests/fuchsia_controller_test_python_binary_mypy_checker.mypy_checked,103460
x64-asan-ubsan/obj/BUILD_DIR/fidling/gen/sdk/fidl/fuchsia.posix.socket/fuchsia.posix.socket/cpp/fidl/fuchsia.posix.socket/cpp/fuchsia.posix.socket_cpp.natural_types.cc.o,103458
driver_index_bin_test,103089
exe.unstripped/driver_index_bin_test,103089
driver_index_bin_test.build-id.stamp,103089
exe.unstripped/driver_index_bin_test.rmeta,103089
x64-shared/obj/BUILD_DIR/fidling/gen/sdk/fidl/fuchsia.posix.socket/fuchsia.posix.socket/cpp/fidl/fuchsia.posix.socket/cpp/fuchsia.posix.socket_cpp.natural_messaging.cc.o,102995
arm64-hwasan-ubsan/obj/zircon/system/utest/core/vmo/vmo.vmo.cc.o,102983
x64-asan-ubsan-shared/obj/third_party/Vulkan-ValidationLayers/src/layers/vulkan/generated/VkLayer_khronos_validation.stateless_validation_helper.cpp.o,102792
host_x64-asan-ubsan/assembly,102630
host_x64-asan-ubsan/exe.unstripped/assembly,102630
host_x64-asan-ubsan/assembly.build-id.stamp,102630
host_x64-asan-ubsan/exe.unstripped/assembly.rmeta,102630
fuchsia_storage_benchmarks_bin_test,102595
exe.unstripped/fuchsia_storage_benchmarks_bin_test,102595
fuchsia_storage_benchmarks_bin_test.build-id.stamp,102595
exe.unstripped/fuchsia_storage_benchmarks_bin_test.rmeta,102595
host_x64-asan-ubsan/assembly_config_schema_lib_test,102539
host_x64-asan-ubsan/exe.unstripped/assembly_config_schema_lib_test,102539
host_x64-asan-ubsan/assembly_config_schema_lib_test.build-id.stamp,102539
host_x64-asan-ubsan/exe.unstripped/assembly_config_schema_lib_test.rmeta,102539
arm64-hwasan-ubsan/obj/third_party/boringssl/src/ssl/ssl_test.ssl_test.cc.o,102485
fidl_fuchsia_update_installer_ext_lib_test,102434
exe.unstripped/fidl_fuchsia_update_installer_ext_lib_test,102434
fidl_fuchsia_update_installer_ext_lib_test.build-id.stamp,102434
exe.unstripped/fidl_fuchsia_update_installer_ext_lib_test.rmeta,102434
host_x64/obj/src/testing/end_to_end/honeydew/honeydew/utils/tests/unit_tests/deadline_test_python_binary_mypy_checker.mypy_checked,102415
obj/zircon/system/ulib/fbl/test/fbl-test.intrusive_doubly_linked_list_tests.cc.o,102396
host_x64/obj/src/testing/end_to_end/honeydew/honeydew/affordances/connectivity/bluetooth/bluetooth_common/tests/unit_tests/bluetooth_common_using_sl4f_test_python_binary_mypy_checker.mypy_checked,101691
x64-asan-ubsan/obj/src/lib/elfldltl/test/elfldltl-unittests.phdr-tests.cc.o,101663
fuzz_ctl_bin_test,101163
exe.unstripped/fuzz_ctl_bin_test,101163
fuzz_ctl_bin_test.build-id.stamp,101163
exe.unstripped/fuzz_ctl_bin_test.rmeta,101163
bt_a2dp_bin_test,101027
exe.unstripped/bt_a2dp_bin_test,101027
bt_a2dp_bin_test.build-id.stamp,101027
exe.unstripped/bt_a2dp_bin_test.rmeta,101027
netstack3_inspect_tests,100943
exe.unstripped/netstack3_inspect_tests,100943
netstack3_inspect_tests.build-id.stamp,100943
exe.unstripped/netstack3_inspect_tests.rmeta,100943
host_x64/obj/src/testing/end_to_end/honeydew/honeydew/transports/adb/tests/unit_tests/adb_test_python_binary_mypy_checker.mypy_checked,100881
arm64-shared/libscenic.so,100813
arm64-shared/lib.unstripped/libscenic.so,100813
arm64-shared/libscenic.so.build-id.stamp,100813
arm64-shared/libscenic.ifs,100813
arm64-shared/link_stub/libscenic.so,100813
wlansoftmac_rust_lib_test,100782
exe.unstripped/wlansoftmac_rust_lib_test,100782
wlansoftmac_rust_lib_test.build-id.stamp,100782
exe.unstripped/wlansoftmac_rust_lib_test.rmeta,100782
ultrasound-test-bin,100734
exe.unstripped/ultrasound-test-bin,100734
ultrasound-test-bin.build-id.stamp,100734
host_x64/obj/src/testing/end_to_end/honeydew/honeydew/affordances/location/tests/unit_tests_python_binary_mypy_checker.mypy_checked,100284
x64-asan-ubsan/obj/src/media/audio/services/device_registry/audio_services_device_registry_unittests.inspector_unittest.cc.o,100186
fxfs_make_blob_image_lib_test,100172
exe.unstripped/fxfs_make_blob_image_lib_test,100172
fxfs_make_blob_image_lib_test.build-id.stamp,100172
exe.unstripped/fxfs_make_blob_image_lib_test.rmeta,100172
bt_gap_bin_test,100039
exe.unstripped/bt_gap_bin_test,100039
bt_gap_bin_test.build-id.stamp,100039
exe.unstripped/bt_gap_bin_test.rmeta,100039
arm64-hwasan-ubsan/obj/zircon/system/ulib/fbl/test/fbl-test.vector_tests.cc.o,100009
httpsdate_time_source_tests,99773
exe.unstripped/httpsdate_time_source_tests,99773
httpsdate_time_source_tests.build-id.stamp,99773
exe.unstripped/httpsdate_time_source_tests.rmeta,99773
fs_management_lib_test,99744
exe.unstripped/fs_management_lib_test,99744
fs_management_lib_test.build-id.stamp,99744
exe.unstripped/fs_management_lib_test.rmeta,99744
host_x64/obj/src/testing/end_to_end/honeydew/honeydew/affordances/tracing/tests/unit_tests/tracing_using_ffx_test_python_binary_mypy_checker.mypy_checked,99412
host_x64/obj/src/testing/end_to_end/mobly_controller/mobly_controller_no_testonly_mypy_checker.mypy_checked,99233
arm64-hwasan-ubsan/obj/third_party/Vulkan-Tools/src/vulkaninfo/vulkaninfo.vulkaninfo.cpp.o,99091
io_conformance_harness_fxfs,98643
exe.unstripped/io_conformance_harness_fxfs,98643
io_conformance_harness_fxfs.build-id.stamp,98643
exe.unstripped/io_conformance_harness_fxfs.rmeta,98643
launcher_with_fake_time,98330
exe.unstripped/launcher_with_fake_time,98330
launcher_with_fake_time.build-id.stamp,98330
exe.unstripped/launcher_with_fake_time.rmeta,98330
rust_test_runner_bin_test,98262
exe.unstripped/rust_test_runner_bin_test,98262
rust_test_runner_bin_test.build-id.stamp,98262
exe.unstripped/rust_test_runner_bin_test.rmeta,98262
net_cli_fdomain_lib_test,98202
exe.unstripped/net_cli_fdomain_lib_test,98202
net_cli_fdomain_lib_test.build-id.stamp,98202
exe.unstripped/net_cli_fdomain_lib_test.rmeta,98202
x64-asan-ubsan/obj/BUILD_DIR/fidling/gen/sdk/fidl/fuchsia.audio.device/fuchsia.audio.device/cpp/fidl/fuchsia.audio.device/cpp/fuchsia.audio.device_cpp.natural_messaging.cc.o,98202
net_cli_lib_test,97873
exe.unstripped/net_cli_lib_test,97873
net_cli_lib_test.build-id.stamp,97873
exe.unstripped/net_cli_lib_test.rmeta,97873
netstack_dns_integration_test,97750
exe.unstripped/netstack_dns_integration_test,97750
netstack_dns_integration_test.build-id.stamp,97750
exe.unstripped/netstack_dns_integration_test.rmeta,97750
host_x64-asan-ubsan/obj/BUILD_DIR/host_x64-asan-ubsan/gen/sdk/lib/fidl/cpp/tests/conformance/conformance_suite__vectors.gidl_generated_conformance_suite__vectors.cc.o,97722
bt_avrcp_bin_test,97639
exe.unstripped/bt_avrcp_bin_test,97639
bt_avrcp_bin_test.build-id.stamp,97639
exe.unstripped/bt_avrcp_bin_test.rmeta,97639
pkg_cache,97030
exe.unstripped/pkg_cache,97030
pkg_cache.build-id.stamp,97030
exe.unstripped/pkg_cache.rmeta,97030
x64-asan-ubsan-shared/obj/BUILD_DIR/fidling/gen/sdk/fidl/fuchsia.posix.socket/fuchsia.posix.socket/cpp/fidl/fuchsia.posix.socket/cpp/fuchsia.posix.socket_cpp.natural_types.cc.o,96598
ta_runtime_bin_test,96413
exe.unstripped/ta_runtime_bin_test,96413
ta_runtime_bin_test.build-id.stamp,96413
exe.unstripped/ta_runtime_bin_test.rmeta,96413
periodic_monitoring_lib_test,96409
exe.unstripped/periodic_monitoring_lib_test,96409
periodic_monitoring_lib_test.build-id.stamp,96409
exe.unstripped/periodic_monitoring_lib_test.rmeta,96409
x64-asan-ubsan/obj/third_party/Vulkan-Tools/src/vulkaninfo/vulkaninfo.vulkaninfo.cpp.o,96356
arm64-novariant/obj/src/starnix/kernel/core/core.actual/libstarnix_core.rlib,96255
arm64-novariant/obj/src/starnix/kernel/core/core.actual/libstarnix_core.rmeta,96255
obj/BUILD_DIR/fidling/gen/sdk/fidl/fuchsia.posix.socket/fuchsia.posix.socket/cpp/fidl/fuchsia.posix.socket/cpp/fuchsia.posix.socket_cpp.natural_messaging.cc.o,95407
obj/src/storage/fxfs/lib_fuzz_object_key_compare_lib_rustc_static.a,95323
obj/src/storage/fxfs/lib_fuzz_object_key_compare_lib_rustc_static.rmeta,95323
recovery_util_lib_test,95302
exe.unstripped/recovery_util_lib_test,95302
recovery_util_lib_test.build-id.stamp,95302
exe.unstripped/recovery_util_lib_test.rmeta,95302
host_x64-asan-ubsan/obj/BUILD_DIR/host_x64-asan-ubsan/gen/sdk/ctf/tests/pkg/fidl/cpp/conformance_suite__vectors.gidl_generated_conformance_suite__vectors.cc.o,95110
scenic,94981
exe.unstripped/scenic,94981
scenic.build-id.stamp,94981
wlanix_bin_test,94968
exe.unstripped/wlanix_bin_test,94968
wlanix_bin_test.build-id.stamp,94968
exe.unstripped/wlanix_bin_test.rmeta,94968
x64-asan-ubsan/obj/sdk/lib/ld/test/load-tests.load-tests-libc.cc.o,94879
x64-asan-ubsan/obj/third_party/github.com/simdutf/simdutf/src/src/simdutf.simdutf.cpp.o,94851
starnix_modules_nanohub_lib_test,94694
exe.unstripped/starnix_modules_nanohub_lib_test,94694
starnix_modules_nanohub_lib_test.build-id.stamp,94694
exe.unstripped/starnix_modules_nanohub_lib_test.rmeta,94694
x64-asan-ubsan/obj/sdk/lib/ld/test/load-tests.load-tests-tls.cc.o,94489
paversvc_test,94376
exe.unstripped/paversvc_test,94376
paversvc_test.build-id.stamp,94376
audio-gain-control-error-test-bin,94280
exe.unstripped/audio-gain-control-error-test-bin,94280
audio-gain-control-error-test-bin.build-id.stamp,94280
obj/BUILD_DIR/gen/sdk/lib/fidl/cpp/tests/conformance/conformance_suite__vectors.gidl_generated_conformance_suite__vectors.cc.o,94067
obj/examples/fidl/new/key_value_store/add_iterator/test/test/runner_bin,94029
obj/examples/fidl/new/key_value_store/add_iterator/test/test/exe.unstripped/runner_bin,94029
obj/examples/fidl/new/key_value_store/add_iterator/test/test/runner_bin.build-id.stamp,94029
obj/examples/fidl/new/key_value_store/add_iterator/test/test/exe.unstripped/runner_bin.rmeta,94029
arm64-hwasan-ubsan/obj/src/devices/bin/driver_manager/tests/driver_runner_test.driver_runner_test.cc.o,94025
x64-asan-ubsan/obj/sdk/lib/ld/test/load-tests.load-tests-basic.cc.o,94019
power_manager_bin_test,93945
exe.unstripped/power_manager_bin_test,93945
power_manager_bin_test.build-id.stamp,93945
exe.unstripped/power_manager_bin_test.rmeta,93945
arm64-hwasan-ubsan-shared/obj/third_party/spirv-cross/src/spirv_cross_sources.spirv_glsl.cpp.o,93870
x64-asan-ubsan/obj/zircon/system/ulib/fbl/test/fbl-test.slab_allocator_tests.cc.o,93577
host_x64-asan-ubsan/obj/BUILD_DIR/host_x64-asan-ubsan/gen/sdk/lib/fidl/cpp/tests/conformance/conformance_suite__conformance.gidl_generated_conformance_suite__conformance.cc.o,93577
obj/src/media/audio/lib/processing/processing.sinc_sampler.cc.o,93572
x64-asan-ubsan/obj/BUILD_DIR/x64-asan-ubsan/gen/sdk/ctf/tests/pkg/fidl/cpp/conformance_suite__vectors.gidl_generated_conformance_suite__vectors.cc.o,93522
obj/src/connectivity/network/netstack3/core/datagram/netstack3-datagram-instrumented/netstack3_datagram_lib_test,93478
obj/src/connectivity/network/netstack3/core/datagram/netstack3-datagram-instrumented/exe.unstripped/netstack3_datagram_lib_test,93478
obj/src/connectivity/network/netstack3/core/datagram/netstack3-datagram-instrumented/netstack3_datagram_lib_test.build-id.stamp,93478
obj/src/connectivity/network/netstack3/core/datagram/netstack3-datagram-instrumented/exe.unstripped/netstack3_datagram_lib_test.rmeta,93478
host_x64-asan-ubsan/assembly_config_bin_test,93335
host_x64-asan-ubsan/exe.unstripped/assembly_config_bin_test,93335
host_x64-asan-ubsan/assembly_config_bin_test.build-id.stamp,93335
host_x64-asan-ubsan/exe.unstripped/assembly_config_bin_test.rmeta,93335
arm64-hwasan-ubsan/obj/sdk/lib/ld/test/load-tests.load-tests-symbolizer.cc.o,93318
host_x64-asan-ubsan/obj/zircon/system/ulib/ffl/test/ffl-test.ffl_tests.cc.o,93306
dns_resolver_bin_test,93258
exe.unstripped/dns_resolver_bin_test,93258
dns_resolver_bin_test.build-id.stamp,93258
exe.unstripped/dns_resolver_bin_test.rmeta,93258
x64-asan-ubsan-shared/obj/third_party/Vulkan-ValidationLayers/src/layers/state_tracker/VkLayer_khronos_validation.state_tracker.cpp.o,93226
arm64-hwasan-ubsan/obj/src/media/audio/services/device_registry/device_registry_lib.device.cc.o,92934
audio-renderer-pipeline-test-bin,92692
exe.unstripped/audio-renderer-pipeline-test-bin,92692
audio-renderer-pipeline-test-bin.build-id.stamp,92692
arm64-hwasan-ubsan-shared/obj/third_party/Vulkan-ValidationLayers/src/layers/vulkan/generated/VkLayer_khronos_validation.chassis.cpp.o,92260
host_x64/obj/BUILD_DIR/host_x64/gen/sdk/lib/fidl/cpp/tests/conformance/conformance_suite__transformer2.gidl_generated_conformance_suite__transformer2.cc.o,92218
netstack_bridge_integration_test,92116
exe.unstripped/netstack_bridge_integration_test,92116
netstack_bridge_integration_test.build-id.stamp,92116
exe.unstripped/netstack_bridge_integration_test.rmeta,92116
setui_service_icu_default_d578f2e8b7bd5938e21cfb6bf15c079e0aa5b738,92011
exe.unstripped/setui_service_icu_default_d578f2e8b7bd5938e21cfb6bf15c079e0aa5b738,92011
setui_service_icu_default_d578f2e8b7bd5938e21cfb6bf15c079e0aa5b738.build-id.stamp,92011
exe.unstripped/setui_service_icu_default_d578f2e8b7bd5938e21cfb6bf15c079e0aa5b738.rmeta,92011
x64-asan-ubsan-shared/obj/third_party/spirv-cross/src/spirv_cross_sources.spirv_glsl.cpp.o,91740
wlan_telemetry_lib_test,91729
exe.unstripped/wlan_telemetry_lib_test,91729
wlan_telemetry_lib_test.build-id.stamp,91729
exe.unstripped/wlan_telemetry_lib_test.rmeta,91729
arm64-shared/obj/BUILD_DIR/fidling/gen/sdk/fidl/fuchsia.posix.socket/fuchsia.posix.socket/cpp/fidl/fuchsia.posix.socket/cpp/fuchsia.posix.socket_cpp.natural_messaging.cc.o,91703
bind_lib_test,91461
exe.unstripped/bind_lib_test,91461
bind_lib_test.build-id.stamp,91461
exe.unstripped/bind_lib_test.rmeta,91461
device_partitioner_test,91281
exe.unstripped/device_partitioner_test,91281
device_partitioner_test.build-id.stamp,91281
arm64-hwasan-ubsan-shared/obj/third_party/Vulkan-ValidationLayers/src/layers/state_tracker/VkLayer_khronos_validation.state_tracker.cpp.o,91151
arm64-hwasan-ubsan/obj/src/connectivity/ethernet/drivers/usb-cdc-function/usb-cdc-function-test.usb-cdc-function-test.cc.o,90949
audio-core-thermal-test-bin,90878
exe.unstripped/audio-core-thermal-test-bin,90878
audio-core-thermal-test-bin.build-id.stamp,90878
fidl_rust_next_conformance_tests,90745
exe.unstripped/fidl_rust_next_conformance_tests,90745
fidl_rust_next_conformance_tests.build-id.stamp,90745
exe.unstripped/fidl_rust_next_conformance_tests.rmeta,90745
omaha_client_fuchsia_lib_test,90397
exe.unstripped/omaha_client_fuchsia_lib_test,90397
omaha_client_fuchsia_lib_test.build-id.stamp,90397
exe.unstripped/omaha_client_fuchsia_lib_test.rmeta,90397
obj/src/ui/tests/integration_input_tests/touch/touch-input-test.touch-input-test.cc.o,90328
audio-renderer-pipeline-error-test-bin,90138
exe.unstripped/audio-renderer-pipeline-error-test-bin,90138
audio-renderer-pipeline-error-test-bin.build-id.stamp,90138
audio-policy-pipeline-test-bin,90119
exe.unstripped/audio-policy-pipeline-test-bin,90119
audio-policy-pipeline-test-bin.build-id.stamp,90119
x64-shared/libscenic.so,90006
x64-shared/lib.unstripped/libscenic.so,90006
x64-shared/libscenic.so.build-id.stamp,90006
x64-shared/libscenic.ifs,90006
x64-shared/link_stub/libscenic.so,90006
x64-asan-ubsan/obj/sdk/lib/ld/test/load-tests.load-tests-abi.cc.o,89981
tuf,89966
exe.unstripped/tuf,89966
tuf.build-id.stamp,89966
exe.unstripped/tuf.rmeta,89966
arm64-hwasan-ubsan/obj/src/ui/tests/integration_input_tests/web-touch-input/web-touch-input-test.web-touch-input-test.cc.o,89907
x64-asan-ubsan/obj/src/media/audio/lib/processing/processing.point_sampler.cc.o,89842
bt_cli_bin_test,89731
exe.unstripped/bt_cli_bin_test,89731
bt_cli_bin_test.build-id.stamp,89731
exe.unstripped/bt_cli_bin_test.rmeta,89731
arm64-hwasan-ubsan/obj/sdk/lib/ld/test/load-tests.load-tests-abi.cc.o,89689
host_x64/fidl_codec_rust_conformance_tests,89616
host_x64/exe.unstripped/fidl_codec_rust_conformance_tests,89616
host_x64/fidl_codec_rust_conformance_tests.build-id.stamp,89616
host_x64/exe.unstripped/fidl_codec_rust_conformance_tests.rmeta,89616
obj/zircon/system/ulib/fbl/test/fbl-test.intrusive_singly_linked_list_tests.cc.o,89604
audio-clock-pipeline-test-bin,89144
exe.unstripped/audio-clock-pipeline-test-bin,89144
audio-clock-pipeline-test-bin.build-id.stamp,89144
x64-asan-ubsan/obj/src/ui/tests/integration_input_tests/web-touch-input/web-touch-input-test.web-touch-input-test.cc.o,89046
kernel_manager_lib_test,88907
exe.unstripped/kernel_manager_lib_test,88907
kernel_manager_lib_test.build-id.stamp,88907
exe.unstripped/kernel_manager_lib_test.rmeta,88907
starnix_crypt_lib_test,88856
exe.unstripped/starnix_crypt_lib_test,88856
starnix_crypt_lib_test.build-id.stamp,88856
exe.unstripped/starnix_crypt_lib_test.rmeta,88856
host_x64-asan-ubsan/obj/BUILD_DIR/host_x64-asan-ubsan/gen/sdk/lib/fidl/cpp/tests/conformance/conformance_suite__transformer2.gidl_generated_conformance_suite__transformer2.cc.o,88837
arm64-novariant/obj/BUILD_DIR/fidling/gen/sdk/fidl/fuchsia.posix.socket/fuchsia.posix.socket/cpp/fidl/fuchsia.posix.socket/cpp/fuchsia.posix.socket_cpp.natural_messaging.cc.o,88720
x64-asan-ubsan/obj/sdk/lib/ld/test/load-tests.load-tests-reloc.cc.o,88719
arm64-hwasan-ubsan/obj/third_party/boringssl/src/crypto/x509/x509_test_crypto_test.x509_test.cc.o,88668
audio-capturer-pipeline-test-bin,88446
exe.unstripped/audio-capturer-pipeline-test-bin,88446
audio-capturer-pipeline-test-bin.build-id.stamp,88446
obj/zircon/system/utest/core/pager-writeback/pager-writeback.pager-writeback.cc.o,88400
x64-novariant-shared/obj/BUILD_DIR/fidling/gen/sdk/fidl/fuchsia.posix.socket/fuchsia.posix.socket/cpp/fidl/fuchsia.posix.socket/cpp/fuchsia.posix.socket_cpp.natural_messaging.cc.o,88158
host_x64-asan-ubsan/obj/src/connectivity/network/tests/socket/netstack_dgramsocket_test.dgramsocket_test.cc.o,88064
battery_manager_bin_test,87793
exe.unstripped/battery_manager_bin_test,87793
battery_manager_bin_test.build-id.stamp,87793
exe.unstripped/battery_manager_bin_test.rmeta,87793
x64-asan-ubsan/obj/src/devices/bin/driver_runtime/driver_runtime_test.dispatcher_test.cc.o,87773
obj/src/storage/fxfs/migration.actual/libfxfs.rlib,87770
obj/src/storage/fxfs/migration.actual/libfxfs.rmeta,87770
audio-gain-control-test-bin,87714
exe.unstripped/audio-gain-control-test-bin,87714
audio-gain-control-test-bin.build-id.stamp,87714
obj/src/storage/fxfs/lib.actual/libfxfs.rlib,87611
obj/src/storage/fxfs/lib.actual/libfxfs.rmeta,87611
arm64-hwasan-ubsan/netstack_socket_integration_test,87538
arm64-hwasan-ubsan/exe.unstripped/netstack_socket_integration_test,87538
arm64-hwasan-ubsan/netstack_socket_integration_test.build-id.stamp,87538
arm64-hwasan-ubsan/exe.unstripped/netstack_socket_integration_test.rmeta,87538
x64-asan-ubsan/obj/src/devices/bin/driver_manager/driver_runner.node.cc.o,87446
arm64-hwasan-ubsan/wlan_mlme_lib_test,87439
arm64-hwasan-ubsan/exe.unstripped/wlan_mlme_lib_test,87439
arm64-hwasan-ubsan/wlan_mlme_lib_test.build-id.stamp,87439
arm64-hwasan-ubsan/exe.unstripped/wlan_mlme_lib_test.rmeta,87439
x64-asan-ubsan/obj/BUILD_DIR/fidling/gen/src/tests/fidl/conformance_suite/conformance_fidl/cpp/fidl/test.conformance/cpp/conformance_fidl_cpp.wire_types.cc.o,87414
x64-asan-ubsan/obj/BUILD_DIR/fidling/gen/sdk/fidl/fuchsia.component.test/fuchsia.component.test/cpp/fidl/fuchsia.component.test/cpp/fuchsia.component.test_cpp.natural_messaging.cc.o,87391
x64-asan-ubsan/obj/sdk/lib/ld/test/load-tests.load-tests-symbolizer.cc.o,87213
obj/src/storage/fxfs/lib_fuzz_lsm_tree_actions_lib_rustc_static.a,86943
obj/src/storage/fxfs/lib_fuzz_lsm_tree_actions_lib_rustc_static.rmeta,86943
ext4_lib_lib_test,86809
exe.unstripped/ext4_lib_lib_test,86809
ext4_lib_lib_test.build-id.stamp,86809
exe.unstripped/ext4_lib_lib_test.rmeta,86809
obj/src/storage/fxfs/lib_fuzz_allocator_key_compare_lib_rustc_static.a,86794
obj/src/storage/fxfs/lib_fuzz_allocator_key_compare_lib_rustc_static.rmeta,86794
obj/zircon/system/ulib/fbl/test/fbl-test.intrusive_sized_doubly_linked_list_tests.cc.o,86750
arm64-hwasan-ubsan/obj/src/connectivity/bluetooth/hci/vendor/broadcom/common.bt_hci_broadcom.cc.o,86610
display_utils_lib_test,86584
exe.unstripped/display_utils_lib_test,86584
display_utils_lib_test.build-id.stamp,86584
exe.unstripped/display_utils_lib_test.rmeta,86584
x64-asan-ubsan/obj/src/connectivity/bluetooth/hci/vendor/broadcom/bt-hci-broadcom-tests.bt_hci_broadcom_unittest.cc.o,86483
x64-asan-ubsan-shared/obj/third_party/gfxstream/src/guest/vulkan_enc/libvulkan_gfxstream.VkEncoder.cpp.o,86438
x64-asan-ubsan/obj/src/firmware/paver/test/device_partitioner_test.device-partitioner-test.cc.o,86376
host_x64-asan-ubsan/obj/third_party/protobuf/src/src/google/protobuf/libprotobuf_full.descriptor.cc.o,86032
fidl_codec_rust_conformance_tests,86001
exe.unstripped/fidl_codec_rust_conformance_tests,86001
fidl_codec_rust_conformance_tests.build-id.stamp,86001
exe.unstripped/fidl_codec_rust_conformance_tests.rmeta,86001
lowpan_ot_driver,85996
exe.unstripped/lowpan_ot_driver,85996
lowpan_ot_driver.build-id.stamp,85996
exe.unstripped/lowpan_ot_driver.rmeta,85996
x64-asan-ubsan-shared/obj/third_party/Vulkan-ValidationLayers/src/layers/vulkan/generated/VkLayer_khronos_validation.chassis.cpp.o,85947
arm64-hwasan-ubsan/obj/src/devices/bin/driver_runtime/driver_runtime_test.dispatcher_test.cc.o,85923
arm64-novariant-shared/obj/BUILD_DIR/fidling/gen/sdk/fidl/fuchsia.posix.socket/fuchsia.posix.socket/cpp/fidl/fuchsia.posix.socket/cpp/fuchsia.posix.socket_cpp.natural_messaging.cc.o,85873
x64-asan-ubsan/obj/src/media/audio/services/device_registry/audio_services_device_registry_unittests.control_server_unittest.cc.o,85859
x64-asan-ubsan/obj/third_party/scudo/src/tests/unittests.scudo.combined_test.cpp.o,85747
bt_fidl_mocks_lib_test,85682
exe.unstripped/bt_fidl_mocks_lib_test,85682
bt_fidl_mocks_lib_test.build-id.stamp,85682
exe.unstripped/bt_fidl_mocks_lib_test.rmeta,85682
system_recovery_android,85621
exe.unstripped/system_recovery_android,85621
system_recovery_android.build-id.stamp,85621
exe.unstripped/system_recovery_android.rmeta,85621
mapping_lib_test,85405
exe.unstripped/mapping_lib_test,85405
mapping_lib_test.build-id.stamp,85405
exe.unstripped/mapping_lib_test.rmeta,85405
x64-asan-ubsan/obj/BUILD_DIR/fidling/gen/sdk/fidl/fuchsia.posix.socket.raw/fuchsia.posix.socket.raw/cpp/fidl/fuchsia.posix.socket.raw/cpp/fuchsia.posix.socket.raw_cpp.natural_messaging.cc.o,85316
arm64-hwasan-ubsan/pkg_resolver_lib_test,85243
arm64-hwasan-ubsan/exe.unstripped/pkg_resolver_lib_test,85243
arm64-hwasan-ubsan/pkg_resolver_lib_test.build-id.stamp,85243
arm64-hwasan-ubsan/exe.unstripped/pkg_resolver_lib_test.rmeta,85243
obj/examples/fidl/new/key_value_store/support_exports/test/test/runner_bin,85159
obj/examples/fidl/new/key_value_store/support_exports/test/test/exe.unstripped/runner_bin,85159
obj/examples/fidl/new/key_value_store/support_exports/test/test/runner_bin.build-id.stamp,85159
obj/examples/fidl/new/key_value_store/support_exports/test/test/exe.unstripped/runner_bin.rmeta,85159
host_x64-asan-ubsan/obj/BUILD_DIR/host_x64-asan-ubsan/gen/sdk/lib/fidl/cpp/tests/conformance/conformance_suite__transformer1.gidl_generated_conformance_suite__transformer1.cc.o,84945
audio-renderer-test-bin,84912
exe.unstripped/audio-renderer-test-bin,84912
audio-renderer-test-bin.build-id.stamp,84912
obj/zircon/system/ulib/fbl/test/fbl-test.intrusive_sized_singly_linked_list_tests.cc.o,84910
arm64-hwasan-ubsan/obj/src/connectivity/ethernet/drivers/rndis-function/rndis-function-test.rndis_function_test.cc.o,84902
ext4_server_integration_test,84890
exe.unstripped/ext4_server_integration_test,84890
ext4_server_integration_test.build-id.stamp,84890
exe.unstripped/ext4_server_integration_test.rmeta,84890
netsvc_integration_test,84672
exe.unstripped/netsvc_integration_test,84672
netsvc_integration_test.build-id.stamp,84672
exe.unstripped/netsvc_integration_test.rmeta,84672
obj/zircon/system/ulib/fbl/test/fbl-test.intrusive_wavl_tree_tests.cc.o,84606
x64-asan-ubsan/obj/sdk/ctf/tests/pkg/fidl/cpp/host_test_sources.bitset_unittest.cc.o,84512
x64-asan-ubsan/obj/BUILD_DIR/x64-asan-ubsan/gen/sdk/lib/fidl/cpp/tests/conformance/conformance_suite__handles.gidl_generated_conformance_suite__handles.cc.o,84454
zircon_transport_rust_parent_test,84307
exe.unstripped/zircon_transport_rust_parent_test,84307
zircon_transport_rust_parent_test.build-id.stamp,84307
exe.unstripped/zircon_transport_rust_parent_test.rmeta,84307
x64-asan-ubsan/obj/BUILD_DIR/fidling/gen/src/tests/fidl/conformance_suite/conformance_fidl/hlcpp/test/conformance/cpp/conformance_fidl_hlcpp.fidl.cc.o,84287
x64-asan-ubsan-shared/obj/BUILD_DIR/fidling/gen/sdk/fidl/fuchsia.sys2/fuchsia.sys2/cpp/fidl/fuchsia.sys2/cpp/fuchsia.sys2_cpp.natural_messaging.cc.o,84175
run_test_suite_integration_tests,84097
exe.unstripped/run_test_suite_integration_tests,84097
run_test_suite_integration_tests.build-id.stamp,84097
exe.unstripped/run_test_suite_integration_tests.rmeta,84097
zircon_transport_rust_next_parent_test,83943
exe.unstripped/zircon_transport_rust_next_parent_test,83943
zircon_transport_rust_next_parent_test.build-id.stamp,83943
exe.unstripped/zircon_transport_rust_next_parent_test.rmeta,83943
audio-capturer-test-bin,83833
exe.unstripped/audio-capturer-test-bin,83833
audio-capturer-test-bin.build-id.stamp,83833
x64-asan-ubsan/obj/src/lib/elfldltl/test/elfldltl-unittests.dynamic-tests.cc.o,83776
host_x64/obj/zircon/system/ulib/fbl/test/fbl-test.intrusive_doubly_linked_list_tests.cc.o,83647
arm64-hwasan-ubsan/obj/sdk/lib/ld/test/load-tests.load-tests-reloc.cc.o,83636
setui_service_icu_latest_8cc91d9b6ab9991802fd208ee03a69714fd0251c,83620
exe.unstripped/setui_service_icu_latest_8cc91d9b6ab9991802fd208ee03a69714fd0251c,83620
setui_service_icu_latest_8cc91d9b6ab9991802fd208ee03a69714fd0251c.build-id.stamp,83620
exe.unstripped/setui_service_icu_latest_8cc91d9b6ab9991802fd208ee03a69714fd0251c.rmeta,83620
arm64-hwasan-ubsan/obj/sdk/ctf/tests/pkg/fidl/cpp/host_test_sources.bitset_unittest.cc.o,83578
x64-asan-ubsan/obj/src/devices/bin/driver_manager/tests/node_test.node_test.cc.o,83556
x64-shared/libvulkan_gfxstream.so,83442
x64-shared/lib.unstripped/libvulkan_gfxstream.so,83442
x64-shared/libvulkan_gfxstream.so.build-id.stamp,83442
obj/src/connectivity/network/netstack3/core/filter/netstack3-filter-instrumented/netstack3_filter_lib_test,83333
obj/src/connectivity/network/netstack3/core/filter/netstack3-filter-instrumented/exe.unstripped/netstack3_filter_lib_test,83333
obj/src/connectivity/network/netstack3/core/filter/netstack3-filter-instrumented/netstack3_filter_lib_test.build-id.stamp,83333
obj/src/connectivity/network/netstack3/core/filter/netstack3-filter-instrumented/exe.unstripped/netstack3_filter_lib_test.rmeta,83333
arm64-hwasan-ubsan/obj/src/ui/tests/integration_input_tests/text-input/text-input-test.text-input-test.cc.o,83292
arm64-hwasan-ubsan/obj/src/devices/bin/driver_manager/driver_manager_with_heapdump.main.cc.o,83222
arm64-hwasan-ubsan/obj/BUILD_DIR/fidling/gen/sdk/fidl/fuchsia.posix.socket/fuchsia.posix.socket/cpp/fidl/fuchsia.posix.socket/cpp/fuchsia.posix.socket_cpp.natural_types.cc.o,83202
x64-novariant/obj/BUILD_DIR/fidling/gen/sdk/fidl/fuchsia.posix.socket/fuchsia.posix.socket/cpp/fidl/fuchsia.posix.socket/cpp/fuchsia.posix.socket_cpp.natural_messaging.cc.o,83171
netstack_fidl_integration_test,83169
exe.unstripped/netstack_fidl_integration_test,83169
netstack_fidl_integration_test.build-id.stamp,83169
exe.unstripped/netstack_fidl_integration_test.rmeta,83169
arm64-hwasan-ubsan-shared/obj/BUILD_DIR/fidling/gen/sdk/fidl/fuchsia.posix.socket/fuchsia.posix.socket/cpp/fidl/fuchsia.posix.socket/cpp/fuchsia.posix.socket_cpp.natural_types.cc.o,83155
vfs_dylib_test,83150
exe.unstripped/vfs_dylib_test,83150
vfs_dylib_test.build-id.stamp,83150
exe.unstripped/vfs_dylib_test.rmeta,83150
obj/examples/fidl/new/canvas/client_requested_draw/test/test/runner_bin,83083
obj/examples/fidl/new/canvas/client_requested_draw/test/test/exe.unstripped/runner_bin,83083
obj/examples/fidl/new/canvas/client_requested_draw/test/test/runner_bin.build-id.stamp,83083
obj/examples/fidl/new/canvas/client_requested_draw/test/test/exe.unstripped/runner_bin.rmeta,83083
arm64-hwasan-ubsan/obj/zircon/system/ulib/fbl/test/fbl-test.intrusive_container_node_tests.cc.o,82871
x64-asan-ubsan/obj/zircon/system/utest/core/vmo/vmo.vmo.cc.o,82795
x64-asan-ubsan/obj/src/ui/tests/integration_input_tests/text-input/text-input-test.text-input-test.cc.o,82769
block_server_lib_test,82616
exe.unstripped/block_server_lib_test,82616
block_server_lib_test.build-id.stamp,82616
exe.unstripped/block_server_lib_test.rmeta,82616
x64-asan-ubsan/obj/src/lib/elfldltl/test/elfldltl-unittests.dwarf-tests.cc.o,82561
service_routing_test_bin,82504
exe.unstripped/service_routing_test_bin,82504
service_routing_test_bin.build-id.stamp,82504
exe.unstripped/service_routing_test_bin.rmeta,82504
x64-shared/libvulkan_goldfish.so,82468
x64-shared/lib.unstripped/libvulkan_goldfish.so,82468
x64-shared/libvulkan_goldfish.so.build-id.stamp,82468
x64-shared/libvulkan_goldfish.ifs,82468
x64-shared/link_stub/libvulkan_goldfish.so,82468
starnix_modules_kgsl_lib_test,81952
exe.unstripped/starnix_modules_kgsl_lib_test,81952
starnix_modules_kgsl_lib_test.build-id.stamp,81952
exe.unstripped/starnix_modules_kgsl_lib_test.rmeta,81952
arm64-hwasan-ubsan/obj/BUILD_DIR/arm64-hwasan-ubsan/gen/sdk/lib/fidl/cpp/tests/conformance/conformance_suite__conformance.gidl_generated_conformance_suite__conformance.cc.o,81931
obj/src/starnix/modules/perfetto_consumer/lib/perfetto/trace_decoder/trace_decoder.actual/libstarnix_perfetto_trace_decoder.rlib,81860
obj/src/starnix/modules/perfetto_consumer/lib/perfetto/trace_decoder/trace_decoder.actual/libstarnix_perfetto_trace_decoder.rmeta,81860
net,81784
exe.unstripped/net,81784
net.build-id.stamp,81784
exe.unstripped/net.rmeta,81784
unified_binary,81711
exe.unstripped/unified_binary,81711
unified_binary.build-id.stamp,81711
x64-asan-ubsan/obj/BUILD_DIR/x64-asan-ubsan/gen/sdk/lib/fidl/cpp/tests/conformance/conformance_suite__padding.gidl_generated_conformance_suite__padding.cc.o,81673
host_x64-novariant/obj/src/storage/fxfs/lib.actual/libfxfs.rlib,81548
host_x64-novariant/obj/src/storage/fxfs/lib.actual/libfxfs.rmeta,81548
x64-asan-ubsan/netstack_socket_integration_test,81509
x64-asan-ubsan/exe.unstripped/netstack_socket_integration_test,81509
x64-asan-ubsan/netstack_socket_integration_test.build-id.stamp,81509
x64-asan-ubsan/exe.unstripped/netstack_socket_integration_test.rmeta,81509
arm64-hwasan-ubsan/obj/src/connectivity/network/tests/socket/netstack_streamsocket_test.streamsocket_test.cc.o,81308
obj/examples/fidl/new/key_value_store/baseline/test/test/runner_bin,81300
obj/examples/fidl/new/key_value_store/baseline/test/test/exe.unstripped/runner_bin,81300
obj/examples/fidl/new/key_value_store/baseline/test/test/runner_bin.build-id.stamp,81300
obj/examples/fidl/new/key_value_store/baseline/test/test/exe.unstripped/runner_bin.rmeta,81300
pkgctl_integration_test,81216
exe.unstripped/pkgctl_integration_test,81216
pkgctl_integration_test.build-id.stamp,81216
exe.unstripped/pkgctl_integration_test.rmeta,81216
x64-asan-ubsan/obj/src/media/audio/services/device_registry/audio_services_device_registry_warning_unittests.control_server_warning_unittest.cc.o,81132
x64-asan-ubsan/obj/src/media/audio/services/device_registry/audio_services_device_registry_unittests.observer_server_unittest.cc.o,81023
netemul_runner_bin_test,80989
exe.unstripped/netemul_runner_bin_test,80989
netemul_runner_bin_test.build-id.stamp,80989
exe.unstripped/netemul_runner_bin_test.rmeta,80989
ultrasound-error-test-bin,80873
exe.unstripped/ultrasound-error-test-bin,80873
ultrasound-error-test-bin.build-id.stamp,80873
x64-asan-ubsan/obj/src/sys/fuzzing/realmfuzzer/engine/engine-lib.runner.cc.o,80748
obj/build/bazel/examples/hello_world/hello_world_cpp.host.bazel_target_can_only_be_referenced_by_one_bazel_action,80735
host_x64/obj/build/bazel/examples/hello_world_cpp_from_bazel,80735
obj/build/bazel/examples/hello_world/hello_world_rust.host.bazel_target_can_only_be_referenced_by_one_bazel_action,80735
host_x64/obj/build/bazel/examples/hello_world_rust_from_bazel,80735
host_x64/obj/build/bazel/examples/hello_world_rust_from_bazel.clippy.ok,80735
obj/build/bazel/examples/hello_python/hello_python.host.bazel_target_can_only_be_referenced_by_one_bazel_action,80725
host_x64/obj/build/bazel/examples/hello_python_bin,80725
host_x64/obj/build/bazel/examples/hello_python_test,80725
obj/build/bazel/examples/hello_world/hello_world_rust.host_linux_arm64.bazel_target_can_only_be_referenced_by_one_bazel_action,80716
host_arm64/obj/build/bazel/examples/hello_world_rust_from_bazel,80716
host_arm64/obj/build/bazel/examples/hello_world_rust_from_bazel.clippy.ok,80716
obj/build/bazel/examples/hello_world/hello_world_cpp.host_linux_arm64.bazel_target_can_only_be_referenced_by_one_bazel_action,80715
host_arm64/obj/build/bazel/examples/hello_world_cpp_from_bazel,80715
obj/zircon/tools/merkleroot/merkleroot.host.bazel_target_can_only_be_referenced_by_one_bazel_action,80706
host_x64/merkleroot,80706
obj/tools/orchestrate/orchestrate.host.bazel_target_can_only_be_referenced_by_one_bazel_action,80694
host_x64/orchestrate,80694
obj/tools/build/ninjago/buildstats/buildstats.host.bazel_target_can_only_be_referenced_by_one_bazel_action,80666
obj/tools/build/ninjago/ninjatrace/ninjatrace.host.bazel_target_can_only_be_referenced_by_one_bazel_action,80666
obj/tools/dart_test_parser/dart_test_parser.host.bazel_target_can_only_be_referenced_by_one_bazel_action,80666
obj/tools/rust_test_parser/rust_test_parser.host.bazel_target_can_only_be_referenced_by_one_bazel_action,80666
obj/tools/fidl/fidl_api_diff/fidl_api_diff.host.bazel_target_can_only_be_referenced_by_one_bazel_action,80666
obj/tools/fidl/fidl_api_summarize/fidl_api_summarize.host.bazel_target_can_only_be_referenced_by_one_bazel_action,80666
obj/tools/fidl/fidlcparsequality/fidlcparsequality.host.bazel_target_can_only_be_referenced_by_one_bazel_action,80666
obj/tools/fidl/fidlgen_go/fidlgen_go.host.bazel_target_can_only_be_referenced_by_one_bazel_action,80666
obj/tools/fidl/fidlgen_python/fidlgen_python.host.bazel_target_can_only_be_referenced_by_one_bazel_action,80666
obj/tools/fidl/fidlgen_syzkaller/fidlgen_syzkaller.host.bazel_target_can_only_be_referenced_by_one_bazel_action,80666
obj/tools/fidl/gidl-format/gidl-format.host.bazel_target_can_only_be_referenced_by_one_bazel_action,80666
obj/tools/fidl/gidl/cmd/gidl/gidl.host.bazel_target_can_only_be_referenced_by_one_bazel_action,80666
obj/tools/fidl/gidl/cmd/gidl_audit/gidl_audit.host.bazel_target_can_only_be_referenced_by_one_bazel_action,80666
obj/tools/fidl/lib/fidlgen/testing/roundtripper.host.bazel_target_can_only_be_referenced_by_one_bazel_action,80666
obj/tools/fuzz/undercoat.host.bazel_target_can_only_be_referenced_by_one_bazel_action,80666
obj/tools/go_test_parser/go_test_parser.host.bazel_target_can_only_be_referenced_by_one_bazel_action,80666
obj/tools/staticanalysis/clippy-reporter/clippy-reporter.host.bazel_target_can_only_be_referenced_by_one_bazel_action,80666
obj/tools/staticanalysis/rfcmeta/rfcmeta.host.bazel_target_can_only_be_referenced_by_one_bazel_action,80666
obj/tools/debug/covargs/covargs.host.bazel_target_can_only_be_referenced_by_one_bazel_action,80666
obj/tools/debug/debugsyms/debugsyms.host.bazel_target_can_only_be_referenced_by_one_bazel_action,80666
obj/tools/debug/generate_breakpad/generate_breakpad.host.bazel_target_can_only_be_referenced_by_one_bazel_action,80666
obj/tools/debug/symbolize/symbolize.host.bazel_target_can_only_be_referenced_by_one_bazel_action,80666
obj/tools/fidl/clang-format-wrapper/clang-format-wrapper.host.bazel_target_can_only_be_referenced_by_one_bazel_action,80666
obj/tools/pretty_serial/pretty_serial.host.bazel_target_can_only_be_referenced_by_one_bazel_action,80666
obj/tools/mdlint/mdlint.host.bazel_target_can_only_be_referenced_by_one_bazel_action,80666
obj/tools/pkgstats/debugdump/debugdump.host.bazel_target_can_only_be_referenced_by_one_bazel_action,80666
obj/tools/debroot/debroot.host.bazel_target_can_only_be_referenced_by_one_bazel_action,80666
obj/tools/whereiscl/whereiscl.host.bazel_target_can_only_be_referenced_by_one_bazel_action,80666
obj/tools/jq5/jq5.host.bazel_target_can_only_be_referenced_by_one_bazel_action,80666
obj/tools/rust_extract/rust_extract.host.bazel_target_can_only_be_referenced_by_one_bazel_action,80666
obj/tools/create/create_bin.host.bazel_target_can_only_be_referenced_by_one_bazel_action,80666
obj/tools/fidl/fidldoc/fidldoc.host.bazel_target_can_only_be_referenced_by_one_bazel_action,80666
obj/tools/fidl/fidlgen_rust/fidlgen_rust.host.bazel_target_can_only_be_referenced_by_one_bazel_action,80666
obj/tools/fidl/fidlmerge/fidlmerge.host.bazel_target_can_only_be_referenced_by_one_bazel_action,80666
obj/tools/fidl/measure-tape/src/measure-tape.host.bazel_target_can_only_be_referenced_by_one_bazel_action,80666
obj/tools/build/fx-set/fx-set.host.bazel_target_can_only_be_referenced_by_one_bazel_action,80666
obj/tools/build/gndoc/gndoc.host.bazel_target_can_only_be_referenced_by_one_bazel_action,80666
obj/tools/integration/testsharder/testsharder.host.bazel_target_can_only_be_referenced_by_one_bazel_action,80666
obj/tools/readme_fuchsia/readme_fuchsia_bin.host.bazel_target_can_only_be_referenced_by_one_bazel_action,80666
obj/tools/testing/tefmocheck/tefmocheck.host.bazel_target_can_only_be_referenced_by_one_bazel_action,80666
obj/tools/testing/testparser/testparser_cmd.host.bazel_target_can_only_be_referenced_by_one_bazel_action,80666
obj/sdk/ctf/plasa/clang_doc_filter/clang_doc_filter.host.bazel_target_can_only_be_referenced_by_one_bazel_action,80666
obj/sdk/ctf/plasa/plasa_test_coverage_report/plasa_test_coverage_report.host.bazel_target_can_only_be_referenced_by_one_bazel_action,80666
obj/tools/check-licenses/check-licenses.host.bazel_target_can_only_be_referenced_by_one_bazel_action,80666
obj/tools/check-licenses/util/cmd/gn/generate_project_json/check-licenses-gen-project-json.host.bazel_target_can_only_be_referenced_by_one_bazel_action,80666
obj/tools/check-licenses/util/cmd/gn/generate_intermediate_json/generate_intermediate_json_cmd.host.bazel_target_can_only_be_referenced_by_one_bazel_action,80666
obj/tools/artifactory/artifactory.host.bazel_target_can_only_be_referenced_by_one_bazel_action,80666
obj/tools/bundle_fetcher/bundle_fetcher.host.bazel_target_can_only_be_referenced_by_one_bazel_action,80666
obj/src/lib/testing/expectation/tool/list_test_expectations.host.bazel_target_can_only_be_referenced_by_one_bazel_action,80666
obj/build/config/python/generate_python_api_symbols/generate_python_api_symbols.host.bazel_target_can_only_be_referenced_by_one_bazel_action,80666
obj/src/developer/ffx/tools/efi/ffx-efi.host.bazel_target_can_only_be_referenced_by_one_bazel_action,80666
obj/build/tools/json_validator/json_validator_valico.host.bazel_target_can_only_be_referenced_by_one_bazel_action,80666
obj/build/tools/json_merge/json_merge.host.bazel_target_can_only_be_referenced_by_one_bazel_action,80666
obj/build/tools/formatjson5/formatjson5.host.bazel_target_can_only_be_referenced_by_one_bazel_action,80666
obj/build/tools/bazel2gn/bazel2gn.host.bazel_target_can_only_be_referenced_by_one_bazel_action,80666
obj/build/tools/tarmaker/tarmaker.host.bazel_target_can_only_be_referenced_by_one_bazel_action,80666
obj/build/bazel/host/bazel_build_group_outputs/buildstats,80666
obj/build/bazel/host/bazel_build_group_outputs/ninjatrace,80666
obj/build/bazel/host/bazel_build_group_outputs/dart_test_parser,80666
obj/build/bazel/host/bazel_build_group_outputs/rust_test_parser,80666
obj/build/bazel/host/bazel_build_group_outputs/fidl_api_diff,80666
obj/build/bazel/host/bazel_build_group_outputs/fidl_api_summarize,80666
obj/build/bazel/host/bazel_build_group_outputs/fidlcparsequality,80666
obj/build/bazel/host/bazel_build_group_outputs/fidlgen_go,80666
obj/build/bazel/host/bazel_build_group_outputs/fidlgen_python,80666
obj/build/bazel/host/bazel_build_group_outputs/fidlgen_syzkaller,80666
obj/build/bazel/host/bazel_build_group_outputs/gidl-format,80666
obj/build/bazel/host/bazel_build_group_outputs/gidl,80666
obj/build/bazel/host/bazel_build_group_outputs/gidl_audit,80666
obj/build/bazel/host/bazel_build_group_outputs/roundtripper,80666
obj/build/bazel/host/bazel_build_group_outputs/undercoat,80666
obj/build/bazel/host/bazel_build_group_outputs/go_test_parser,80666
obj/build/bazel/host/bazel_build_group_outputs/clippy-reporter,80666
obj/build/bazel/host/bazel_build_group_outputs/rfcmeta,80666
obj/build/bazel/host/bazel_build_group_outputs/covargs,80666
obj/build/bazel/host/bazel_build_group_outputs/debugsyms,80666
obj/build/bazel/host/bazel_build_group_outputs/generate_breakpad,80666
obj/build/bazel/host/bazel_build_group_outputs/symbolize,80666
obj/build/bazel/host/bazel_build_group_outputs/clang-format-wrapper,80666
obj/build/bazel/host/bazel_build_group_outputs/pretty_serial,80666
obj/build/bazel/host/bazel_build_group_outputs/mdlint,80666
obj/build/bazel/host/bazel_build_group_outputs/debugdump,80666
obj/build/bazel/host/bazel_build_group_outputs/debroot,80666
obj/build/bazel/host/bazel_build_group_outputs/whereiscl,80666
obj/build/bazel/host/bazel_build_group_outputs/jq5,80666
obj/build/bazel/host/bazel_build_group_outputs/rust_extract,80666
obj/build/bazel/host/bazel_build_group_outputs/create,80666
obj/build/bazel/host/bazel_build_group_outputs/fidldoc,80666
obj/build/bazel/host/bazel_build_group_outputs/fidlgen_rust,80666
obj/build/bazel/host/bazel_build_group_outputs/fidlmerge,80666
obj/build/bazel/host/bazel_build_group_outputs/measure-tape,80666
obj/build/bazel/host/bazel_build_group_outputs/fx-set,80666
obj/build/bazel/host/bazel_build_group_outputs/gndoc,80666
obj/build/bazel/host/bazel_build_group_outputs/testsharder,80666
obj/build/bazel/host/bazel_build_group_outputs/readme_fuchsia,80666
obj/build/bazel/host/bazel_build_group_outputs/tefmocheck,80666
obj/build/bazel/host/bazel_build_group_outputs/testparser,80666
obj/build/bazel/host/bazel_build_group_outputs/clang_doc_filter,80666
obj/build/bazel/host/bazel_build_group_outputs/plasa_test_coverage_report,80666
obj/build/bazel/host/bazel_build_group_outputs/check-licenses,80666
obj/build/bazel/host/bazel_build_group_outputs/check-licenses-gen-project-json,80666
obj/build/bazel/host/bazel_build_group_outputs/generate_intermediate_json_cmd,80666
obj/build/bazel/host/bazel_build_group_outputs/artifactory,80666
obj/build/bazel/host/bazel_build_group_outputs/bundle_fetcher,80666
obj/build/bazel/host/bazel_build_group_outputs/list_test_expectations,80666
obj/build/bazel/host/bazel_build_group_outputs/generate_python_api_symbols,80666
obj/build/bazel/host/bazel_build_group_outputs/ffx-efi_bazel_unversioned,80666
obj/build/bazel/host/bazel_build_group_outputs/json_validator_valico,80666
obj/build/bazel/host/bazel_build_group_outputs/json_merge,80666
obj/build/bazel/host/bazel_build_group_outputs/formatjson5,80666
obj/build/bazel/host/bazel_build_group_outputs/bazel2gn,80666
obj/build/bazel/host/bazel_build_group_outputs/tarmaker,80666
audio-capturer-error-test-bin,80549
exe.unstripped/audio-capturer-error-test-bin,80549
audio-capturer-error-test-bin.build-id.stamp,80549
host_x64-asan-ubsan/obj/src/lib/elfldltl/test/elfldltl-unittests.phdr-tests.cc.o,80518
arm64-hwasan-ubsan/obj/src/connectivity/ethernet/drivers/virtio/virtio-netdevice-test.netdevice_test.cc.o,80416
starnix_modules_ext4_lib_test,80371
exe.unstripped/starnix_modules_ext4_lib_test,80371
starnix_modules_ext4_lib_test.build-id.stamp,80371
exe.unstripped/starnix_modules_ext4_lib_test.rmeta,80371
package_directory_lib_test,80304
exe.unstripped/package_directory_lib_test,80304
package_directory_lib_test.build-id.stamp,80304
exe.unstripped/package_directory_lib_test.rmeta,80304
x64-asan-ubsan/obj/BUILD_DIR/fidling/gen/src/tests/fidl/compatibility/fidl/fidl_service/cpp/fidl/fidl.test.compatibility/cpp/fidl_service_cpp.natural_messaging.cc.o,80137
arm64-hwasan-ubsan/obj/src/devices/bin/driver_manager/tests/driver_runner_test_fixture.driver_runner_test_fixture.cc.o,80054
arm64-hwasan-ubsan/obj/src/ui/tests/integration_input_tests/mouse/mouse-input-test.mouse-input-test.cc.o,80046
fuchsia_bluetooth_lib_test,79980
exe.unstripped/fuchsia_bluetooth_lib_test,79980
fuchsia_bluetooth_lib_test.build-id.stamp,79980
exe.unstripped/fuchsia_bluetooth_lib_test.rmeta,79980
x64-asan-ubsan/obj/src/connectivity/ethernet/drivers/ethernet/netdevice-migration/netdevice-migration-unit-tests.unit-tests.cc.o,79959
driver_manager_with_heapdump,79883
exe.unstripped/driver_manager_with_heapdump,79883
driver_manager_with_heapdump.build-id.stamp,79883
arm64-hwasan-ubsan/obj/BUILD_DIR/arm64-hwasan-ubsan/gen/sdk/lib/fidl/cpp/tests/conformance/conformance_suite__handles.gidl_generated_conformance_suite__handles.cc.o,79853
x64-asan-ubsan/obj/sdk/lib/ld/test/load-tests.load-tests-llvm-profdata.cc.o,79676
arm64-hwasan-ubsan/obj/BUILD_DIR/fidling/gen/sdk/fidl/fuchsia.media/fuchsia.media/cpp/fidl/fuchsia.media/cpp/fuchsia.media_cpp.natural_messaging.cc.o,79668
arm64-hwasan-ubsan/obj/zircon/system/utest/core/channel/channel.channel.cc.o,79610
arm64-hwasan-ubsan/wlancfg_lib_lib_test,79228
arm64-hwasan-ubsan/exe.unstripped/wlancfg_lib_lib_test,79228
arm64-hwasan-ubsan/wlancfg_lib_lib_test.build-id.stamp,79228
arm64-hwasan-ubsan/exe.unstripped/wlancfg_lib_lib_test.rmeta,79228
arm64-hwasan-ubsan/obj/BUILD_DIR/arm64-hwasan-ubsan/gen/sdk/lib/fidl/cpp/tests/conformance/conformance_suite__transformer1.gidl_generated_conformance_suite__transformer1.cc.o,79212
obj/zircon/system/ulib/ffl/test/ffl-test.ffl_tests.cc.o,79114
storage_benchmarks_lib_test,79073
exe.unstripped/storage_benchmarks_lib_test,79073
storage_benchmarks_lib_test.build-id.stamp,79073
exe.unstripped/storage_benchmarks_lib_test.rmeta,79073
arm64-hwasan-ubsan/obj/sdk/lib/fit-promise/tests/fit-promise-tests.promise_tests.cc.o,78978
cobalt,78911
exe.unstripped/cobalt,78911
cobalt.build-id.stamp,78911
host_x64/ffx_repository_server_start_lib_test,78628
host_x64/exe.unstripped/ffx_repository_server_start_lib_test,78628
host_x64/ffx_repository_server_start_lib_test.build-id.stamp,78628
host_x64/exe.unstripped/ffx_repository_server_start_lib_test.rmeta,78628
x64-asan-ubsan/obj/src/media/audio/drivers/tests/audio_driver_tests.admin_test.cc.o,78596
audio-renderer-error-test-bin,78520
exe.unstripped/audio-renderer-error-test-bin,78520
audio-renderer-error-test-bin.build-id.stamp,78520
arm64-hwasan-ubsan/obj/src/zircon/tests/kernel-clocks/kernel-clocks-test.kernel-clocks.cc.o,78495
arm64-hwasan-ubsan/obj/sdk/lib/driver_test_realm/fake_resolver.fake_resolver.cc.o,78234
host_x64-asan-ubsan/obj/BUILD_DIR/host_x64-asan-ubsan/gen/sdk/ctf/tests/pkg/fidl/cpp/conformance_suite__transformer2.gidl_generated_conformance_suite__transformer2.cc.o,78224
host_x64/obj/zircon/system/ulib/fbl/test/fbl-test.intrusive_sized_doubly_linked_list_tests.cc.o,78096
starnix_syscall_loop_lib_test,77927
exe.unstripped/starnix_syscall_loop_lib_test,77927
starnix_syscall_loop_lib_test.build-id.stamp,77927
exe.unstripped/starnix_syscall_loop_lib_test.rmeta,77927
x64-asan-ubsan/obj/src/devices/bin/driver_manager/tests/driver_runner_test_fixture.driver_runner_test_fixture.cc.o,77873
x64-asan-ubsan/obj/src/firmware/paver/test/paversvc_test.paversvc-test.cc.o,77825
arm64-hwasan-ubsan/netlink_lib_test,77769
arm64-hwasan-ubsan/exe.unstripped/netlink_lib_test,77769
arm64-hwasan-ubsan/netlink_lib_test.build-id.stamp,77769
arm64-hwasan-ubsan/exe.unstripped/netlink_lib_test.rmeta,77769
bt_rfcomm_bin_test,77629
exe.unstripped/bt_rfcomm_bin_test,77629
bt_rfcomm_bin_test.build-id.stamp,77629
exe.unstripped/bt_rfcomm_bin_test.rmeta,77629
setui_service,77599
exe.unstripped/setui_service,77599
setui_service.build-id.stamp,77599
exe.unstripped/setui_service.rmeta,77599
x64-asan-ubsan/obj/src/devices/block/drivers/sdmmc/sdio-controller-test.sdio-controller-device-test.cc.o,77596
x64-asan-ubsan/obj/src/connectivity/ethernet/drivers/usb-cdc-function/usb-cdc-function-test.usb-cdc-function-test.cc.o,77538
log_command_lib_test,77428
exe.unstripped/log_command_lib_test,77428
log_command_lib_test.build-id.stamp,77428
exe.unstripped/log_command_lib_test.rmeta,77428
audio-volume-control-test-bin,77256
exe.unstripped/audio-volume-control-test-bin,77256
audio-volume-control-test-bin.build-id.stamp,77256
host_x64-asan-ubsan/obj/BUILD_DIR/host_x64-asan-ubsan/gen/sdk/lib/fidl/cpp/tests/conformance/conformance_suite__padding.gidl_generated_conformance_suite__padding.cc.o,77096
zircon_transport_rust_next_child_test,77014
exe.unstripped/zircon_transport_rust_next_child_test,77014
zircon_transport_rust_next_child_test.build-id.stamp,77014
exe.unstripped/zircon_transport_rust_next_child_test.rmeta,77014
x64-asan-ubsan-shared/obj/src/connectivity/wlan/tests/helpers/testcontroller-driver/testcontroller_driver.driver.cc.o,76931
arm64-hwasan-ubsan/obj/zircon/system/ulib/bitmap/test/bitmap-test.raw-bitmap-tests.cc.o,76800
host_x64-asan-ubsan/obj/src/storage/fxfs/benchmark.actual/libfxfs.rlib,76709
host_x64-asan-ubsan/obj/src/storage/fxfs/benchmark.actual/libfxfs.rmeta,76709
arm64-hwasan-ubsan/obj/sdk/lib/ld/test/load-tests.load-tests-tls.cc.o,76704
x64-asan-ubsan/obj/src/devices/bin/driver_loader/driver_loader.loader.cc.o,76639
mediasession_bin_test,76633
exe.unstripped/mediasession_bin_test,76633
mediasession_bin_test.build-id.stamp,76633
exe.unstripped/mediasession_bin_test.rmeta,76633
x64-asan-ubsan-shared/obj/src/devices/bus/drivers/platform/common.platform-bus.cc.o,76550
arm64-hwasan-ubsan/obj/BUILD_DIR/arm64-hwasan-ubsan/gen/sdk/ctf/tests/pkg/fidl/cpp/conformance_suite__transformer2.gidl_generated_conformance_suite__transformer2.cc.o,76533
x64-asan-ubsan/netstack_filter_fidl_test,76457
x64-asan-ubsan/exe.unstripped/netstack_filter_fidl_test,76457
x64-asan-ubsan/netstack_filter_fidl_test.build-id.stamp,76457
x64-asan-ubsan/exe.unstripped/netstack_filter_fidl_test.rmeta,76457
x64-asan-ubsan/obj/src/media/audio/services/device_registry/device_registry_lib.device.cc.o,76457
audio-test-bin,76327
exe.unstripped/audio-test-bin,76327
audio-test-bin.build-id.stamp,76327
power_broker_bin_test,76299
exe.unstripped/power_broker_bin_test,76299
power_broker_bin_test.build-id.stamp,76299
exe.unstripped/power_broker_bin_test.rmeta,76299
host_x64-asan-ubsan/obj/tools/fidlcat/lib/libhost_lib.syscall_definition.cc.o,76292
test_manager_lib_lib_test,76239
exe.unstripped/test_manager_lib_lib_test,76239
test_manager_lib_lib_test.build-id.stamp,76239
exe.unstripped/test_manager_lib_lib_test.rmeta,76239
arm64-hwasan-ubsan/obj/src/connectivity/ethernet/drivers/ethernet/netdevice-migration/netdevice-migration-unit-tests.unit-tests.cc.o,76210
obj/zircon/system/ulib/zxtest/test/regression/zxtest-large-test-suite-test.large_test_suite.cc.o,76165
audio-tuner-test-bin,76086
exe.unstripped/audio-tuner-test-bin,76086
audio-tuner-test-bin.build-id.stamp,76086
lowpan_driver_common_lib_test,76037
exe.unstripped/lowpan_driver_common_lib_test,76037
lowpan_driver_common_lib_test.build-id.stamp,76037
exe.unstripped/lowpan_driver_common_lib_test.rmeta,76037
crashpad_tests,76036
exe.unstripped/crashpad_tests,76036
crashpad_tests.build-id.stamp,76036
bt_fastpair_provider_bin_test,75995
exe.unstripped/bt_fastpair_provider_bin_test,75995
bt_fastpair_provider_bin_test.build-id.stamp,75995
exe.unstripped/bt_fastpair_provider_bin_test.rmeta,75995
arm64-hwasan-ubsan/obj/src/media/audio/services/device_registry/audio_services_device_registry_unittests.control_server_unittest.cc.o,75978
audio-device-enumerator-test-bin,75669
exe.unstripped/audio-device-enumerator-test-bin,75669
audio-device-enumerator-test-bin.build-id.stamp,75669
my_driver_rust_test,75639
exe.unstripped/my_driver_rust_test,75639
my_driver_rust_test.build-id.stamp,75639
exe.unstripped/my_driver_rust_test.rmeta,75639
netstack_ipv6_integration_test,75486
exe.unstripped/netstack_ipv6_integration_test,75486
netstack_ipv6_integration_test.build-id.stamp,75486
exe.unstripped/netstack_ipv6_integration_test.rmeta,75486
x64-asan-ubsan/obj/src/devices/block/drivers/sdhci/sdhci-test.sdhci-test.cc.o,75460
gpt_lib_test,75378
exe.unstripped/gpt_lib_test,75378
gpt_lib_test.build-id.stamp,75378
exe.unstripped/gpt_lib_test.rmeta,75378
x64-asan-ubsan/obj/sdk/lib/ld/test/load-tests.load-tests-deps.cc.o,75205
system_recovery_fdr,75112
exe.unstripped/system_recovery_fdr,75112
system_recovery_fdr.build-id.stamp,75112
exe.unstripped/system_recovery_fdr.rmeta,75112
arm64-hwasan-ubsan/obj/BUILD_DIR/fidling/gen/sdk/fidl/fuchsia.sys2/fuchsia.sys2/cpp/fidl/fuchsia.sys2/cpp/fuchsia.sys2_cpp.natural_types.cc.o,74982
http_sse_lib_test,74963
exe.unstripped/http_sse_lib_test,74963
http_sse_lib_test.build-id.stamp,74963
exe.unstripped/http_sse_lib_test.rmeta,74963
x64-asan-ubsan/obj/sdk/lib/c/dlfcn/dl/test/dl-unittests.dl-load-tests-tls.cc.o,74891
host_x64-asan-ubsan/obj/BUILD_DIR/host_x64-asan-ubsan/gen/sdk/lib/fidl/cpp/tests/conformance/conformance_suite__recursive_depth.gidl_generated_conformance_suite__recursive_depth.cc.o,74867
x64-shared/libadaptation.shared.so,74776
x64-shared/lib.unstripped/libadaptation.shared.so,74776
x64-shared/libadaptation.shared.so.build-id.stamp,74776
x64-shared/libadaptation.shared.ifs,74776
x64-shared/link_stub/libadaptation.shared.so,74776
cqhci_test,74740
exe.unstripped/cqhci_test,74740
cqhci_test.build-id.stamp,74740
exe.unstripped/cqhci_test.rmeta,74740
arm64-hwasan-ubsan/obj/src/media/audio/drivers/aml-g12-tdm/test/aml-g12-tdm-test-bin.stream-test.cc.o,74669
bt_a2dp_lib_test,74534
exe.unstripped/bt_a2dp_lib_test,74534
bt_a2dp_lib_test.build-id.stamp,74534
exe.unstripped/bt_a2dp_lib_test.rmeta,74534
x64-asan-ubsan/obj/src/ui/scenic/lib/flatland/engine/tests/pixeltests/flatland_display_compositor_pixeltests_with_fake_display.display_compositor_pixeltest.cc.o,74508
host_x64/assembly_config_schema_lib_test,74423
host_x64/exe.unstripped/assembly_config_schema_lib_test,74423
host_x64/assembly_config_schema_lib_test.build-id.stamp,74423
host_x64/exe.unstripped/assembly_config_schema_lib_test.rmeta,74423
netstack_interfaces_fidl_test,74177
exe.unstripped/netstack_interfaces_fidl_test,74177
netstack_interfaces_fidl_test.build-id.stamp,74177
exe.unstripped/netstack_interfaces_fidl_test.rmeta,74177
arm64-hwasan-ubsan/obj/sdk/lib/fit-promise/tests/fit-promise-tests.barrier_tests.cc.o,74147
x64-asan-ubsan-shared/obj/BUILD_DIR/fidling/gen/sdk/fidl/fuchsia.media/fuchsia.media/cpp/fidl/fuchsia.media/cpp/fuchsia.media_cpp.natural_messaging.cc.o,73854
x64-asan-ubsan/obj/src/tests/fidl/compatibility/cpp/cpp-impl.main.cc.o,73717
arm64-hwasan-ubsan/obj/src/connectivity/network/tests/socket/netstack_bsdsocket_test.bsdsocket_test.cc.o,73640
x64-asan-ubsan/obj/third_party/grpc/src/src/core/filter/libgrpc++_cc.fused_filters.cc.o,73470
arm64-hwasan-ubsan/obj/src/devices/block/drivers/sdmmc/sdio-controller-test.sdio-controller-device-test.cc.o,73379
x64-asan-ubsan/obj/zircon/system/ulib/fbl/test/fbl-test.vector_tests.cc.o,73348
x64-asan-ubsan/obj/BUILD_DIR/fidling/gen/sdk/fidl/fuchsia.media/fuchsia.media/cpp/fidl/fuchsia.media/cpp/fuchsia.media_cpp.natural_messaging.cc.o,73329
x64-asan-ubsan/obj/src/ui/tests/integration_input_tests/touch/touch-input-test.touch-input-test.cc.o,73285
x64-novariant/obj/src/storage/fxfs/platform/platform_testing.actual/libfxfs_platform_testing.rlib,73258
x64-novariant/obj/src/storage/fxfs/platform/platform_testing.actual/libfxfs_platform_testing.rmeta,73258
obj/src/storage/fxfs/platform/platform.actual/libfxfs_platform.rlib,73044
obj/src/storage/fxfs/platform/platform.actual/libfxfs_platform.rmeta,73044
x64-asan-ubsan/obj/src/media/audio/services/device_registry/audio_services_device_registry_unittests.device_unittest.cc.o,72987
wlancfg,72905
exe.unstripped/wlancfg,72905
wlancfg.build-id.stamp,72905
exe.unstripped/wlancfg.rmeta,72905
system_image_lib_test,72902
exe.unstripped/system_image_lib_test,72902
system_image_lib_test.build-id.stamp,72902
exe.unstripped/system_image_lib_test.rmeta,72902
arm64-hwasan-ubsan/obj/src/media/audio/services/device_registry/audio_services_device_registry_unittests.observer_server_unittest.cc.o,72797
libscene_manager.so,72795
lib.unstripped/libscene_manager.so,72795
libscene_manager.so.build-id.stamp,72795
libscene_manager.rmeta,72795
obj/src/storage/fxfs/platform/platform_testing.actual/libfxfs_platform_testing.rlib,72772
obj/src/storage/fxfs/platform/platform_testing.actual/libfxfs_platform_testing.rmeta,72772
base_resolver_integration_test,72744
exe.unstripped/base_resolver_integration_test,72744
base_resolver_integration_test.build-id.stamp,72744
exe.unstripped/base_resolver_integration_test.rmeta,72744
x64-asan-ubsan/obj/BUILD_DIR/fidling/gen/sdk/fidl/fuchsia.wlan.sme/fuchsia.wlan.sme/cpp/fidl/fuchsia.wlan.sme/cpp/fuchsia.wlan.sme_cpp.natural_messaging.cc.o,72729
x64-asan-ubsan/obj/src/sysmem/server/sysmem_common_srcs.logical_buffer_collection.cc.o,72716
obj/src/connectivity/network/netstack3/core/base/netstack3-base-instrumented/netstack3_base_lib_test,72714
obj/src/connectivity/network/netstack3/core/base/netstack3-base-instrumented/exe.unstripped/netstack3_base_lib_test,72714
obj/src/connectivity/network/netstack3/core/base/netstack3-base-instrumented/netstack3_base_lib_test.build-id.stamp,72714
obj/src/connectivity/network/netstack3/core/base/netstack3-base-instrumented/exe.unstripped/netstack3_base_lib_test.rmeta,72714
arm64-hwasan-ubsan/obj/src/lib/elfldltl/test/elfldltl-unittests.dwarf-tests.cc.o,72686
host_x64/obj/BUILD_DIR/host_x64/gen/sdk/lib/fidl/cpp/tests/conformance/conformance_suite__conformance.gidl_generated_conformance_suite__conformance.cc.o,72643
x64-asan-ubsan/obj/src/media/audio/drivers/usb-audio/tests/usb-audio-test-bin.usb-audio-test.cc.o,72624
x64-asan-ubsan/obj/zircon/system/ulib/fbl/test/fbl-test.intrusive_container_node_tests.cc.o,72610
run_test_suite_lib_lib_test,72589
exe.unstripped/run_test_suite_lib_lib_test,72589
run_test_suite_lib_lib_test.build-id.stamp,72589
exe.unstripped/run_test_suite_lib_lib_test.rmeta,72589
x64-asan-ubsan-shared/obj/src/devices/bus/drivers/platform/common.platform-device.cc.o,72502
x64-asan-ubsan/obj/sdk/lib/power/state_recorder/cpp/tests/state_recorder_test.state_recorder_test.cc.o,72416
arm64-hwasan-ubsan/obj/third_party/grpc/src/src/core/filter/libgrpc++_cc.fused_filters.cc.o,72394
x64-asan-ubsan/obj/src/connectivity/bluetooth/hci/vendor/broadcom/common.bt_hci_broadcom.cc.o,72289
host_x64-asan-ubsan/obj/sdk/ctf/tests/pkg/fidl/cpp/host_test_sources.bitset_unittest.cc.o,72266
driver_manager,72182
exe.unstripped/driver_manager,72182
driver_manager.build-id.stamp,72182
host_x64-asan-ubsan/obj/src/lib/elfldltl/test/elfldltl-unittests.dynamic-tests.cc.o,72139
host_x64/assembly,72013
host_x64/exe.unstripped/assembly,72013
host_x64/assembly.build-id.stamp,72013
host_x64/exe.unstripped/assembly.rmeta,72013
test_realm_proxy,71873
exe.unstripped/test_realm_proxy,71873
test_realm_proxy.build-id.stamp,71873
exe.unstripped/test_realm_proxy.rmeta,71873
arm64-hwasan-ubsan/obj/zircon/system/utest/core/vmo/vmo.vmo-clone2.cc.o,71754
netcfg_advanced,71626
exe.unstripped/netcfg_advanced,71626
netcfg_advanced.build-id.stamp,71626
exe.unstripped/netcfg_advanced.rmeta,71626
x64-asan-ubsan/obj/sdk/lib/c/dlfcn/dl/test/dl-unittests.dl-load-tests-global.cc.o,71607
dynamic_repositories_disabled,71507
exe.unstripped/dynamic_repositories_disabled,71507
dynamic_repositories_disabled.build-id.stamp,71507
exe.unstripped/dynamic_repositories_disabled.rmeta,71507
x64-asan-ubsan/obj/src/connectivity/ethernet/drivers/rndis-function/rndis-function-test.rndis_function_test.cc.o,71426
system_update_checker_integration_test,71295
exe.unstripped/system_update_checker_integration_test,71295
system_update_checker_integration_test.build-id.stamp,71295
exe.unstripped/system_update_checker_integration_test.rmeta,71295
x64-asan-ubsan-shared/obj/BUILD_DIR/fidling/gen/sdk/fidl/fuchsia.posix.socket.raw/fuchsia.posix.socket.raw/cpp/fidl/fuchsia.posix.socket.raw/cpp/fuchsia.posix.socket.raw_cpp.natural_messaging.cc.o,71289
arm64-hwasan-ubsan/obj/src/media/audio/audio_core/testing/integration/hermetic_audio_test.hermetic_audio_test.cc.o,71167
host_x64/obj/BUILD_DIR/host_x64/gen/sdk/lib/fidl/cpp/tests/conformance/conformance_suite__vectors.gidl_generated_conformance_suite__vectors.cc.o,71129
tcpdump_integration_test,71115
exe.unstripped/tcpdump_integration_test,71115
tcpdump_integration_test.build-id.stamp,71115
exe.unstripped/tcpdump_integration_test.rmeta,71115
x64-asan-ubsan/obj/third_party/grpc/src/src/core/ext/transport/chttp2/transport/libgrpc++_cc.http2_client_transport.cc.o,71058
obj/sdk/lib/ld/test/load-tests.remote-tests.cc.o,70803
arm64-hwasan-ubsan/obj/src/connectivity/bluetooth/hci/vendor/broadcom/bt-hci-broadcom-tests.bt_hci_broadcom_unittest.cc.o,70720
realm_builder_server_bin_test,70615
exe.unstripped/realm_builder_server_bin_test,70615
realm_builder_server_bin_test.build-id.stamp,70615
exe.unstripped/realm_builder_server_bin_test.rmeta,70615
host_x64/obj/src/storage/fxfs/lib.actual/libfxfs.rlib,70539
host_x64/obj/src/storage/fxfs/lib.actual/libfxfs.rmeta,70539
netcfg_basic,70418
exe.unstripped/netcfg_basic,70418
netcfg_basic.build-id.stamp,70418
exe.unstripped/netcfg_basic.rmeta,70418
arm64-hwasan-ubsan/obj/zircon/system/ulib/hwreg/test/libhwreg-test.bitfields-test.cc.o,70408
dhcp_client_core_lib_test,70378
exe.unstripped/dhcp_client_core_lib_test,70378
dhcp_client_core_lib_test.build-id.stamp,70378
exe.unstripped/dhcp_client_core_lib_test.rmeta,70378
bt_host_integration_tests,70375
exe.unstripped/bt_host_integration_tests,70375
bt_host_integration_tests.build-id.stamp,70375
exe.unstripped/bt_host_integration_tests.rmeta,70375
audio_core_with_prebuilt_coefficient_tables,70360
exe.unstripped/audio_core_with_prebuilt_coefficient_tables,70360
audio_core_with_prebuilt_coefficient_tables.build-id.stamp,70360
misc_test,70312
exe.unstripped/misc_test,70312
misc_test.build-id.stamp,70312
arm64-hwasan-ubsan/obj/src/devices/bin/driver_manager/driver_runner.node.cc.o,70245
arm64-hwasan-ubsan/obj/src/devices/bin/driver_manager/tests/node_test.node_test.cc.o,70205
x64-shared/obj/src/graphics/lib/magma/src/libmagma/magma_client_temp.o,70193
selinux_lib_test,70191
exe.unstripped/selinux_lib_test,70191
selinux_lib_test.build-id.stamp,70191
exe.unstripped/selinux_lib_test.rmeta,70191
x64-asan-ubsan/obj/src/connectivity/network/netstack3/core/ip/netstack3-ip-instrumented/netstack3_ip_lib_test,70185
x64-asan-ubsan/obj/src/connectivity/network/netstack3/core/ip/netstack3-ip-instrumented/exe.unstripped/netstack3_ip_lib_test,70185
x64-asan-ubsan/obj/src/connectivity/network/netstack3/core/ip/netstack3-ip-instrumented/netstack3_ip_lib_test.build-id.stamp,70185
x64-asan-ubsan/obj/src/connectivity/network/netstack3/core/ip/netstack3-ip-instrumented/exe.unstripped/netstack3_ip_lib_test.rmeta,70185
x64-asan-ubsan/obj/BUILD_DIR/fidling/gen/sdk/fidl/fuchsia.wlan.fullmac/fuchsia.wlan.fullmac/cpp/fidl/fuchsia.wlan.fullmac/cpp/fuchsia.wlan.fullmac_cpp.natural_messaging.cc.o,70090
arm64-hwasan-ubsan/obj/third_party/grpc/src/src/core/ext/transport/chttp2/transport/libgrpc++_cc.http2_client_transport.cc.o,70088
arm64-hwasan-ubsan/obj/sdk/lib/ld/test/load-tests.load-tests-libc.cc.o,69857
abr_test,69745
exe.unstripped/abr_test,69745
abr_test.build-id.stamp,69745
fidling/gen/src/tests/fidl/conformance_suite/conformance_fidl/python/fidl_test_conformance/__init__.py,69663
x64-asan-ubsan-shared/obj/BUILD_DIR/fidling/gen/sdk/fidl/fuchsia.wlan.fullmac/fuchsia.wlan.fullmac/cpp/fidl/fuchsia.wlan.fullmac/cpp/fuchsia.wlan.fullmac_cpp.natural_messaging.cc.o,69620
arm64-hwasan-ubsan/obj/BUILD_DIR/fidling/gen/sdk/fidl/fuchsia.media/fuchsia.media/hlcpp/fuchsia/media/cpp/fuchsia.media_hlcpp.fidl.cc.o,69553
cm_fidl_validator_lib_test,69416
exe.unstripped/cm_fidl_validator_lib_test,69416
cm_fidl_validator_lib_test.build-id.stamp,69416
exe.unstripped/cm_fidl_validator_lib_test.rmeta,69416
runner_lib_test,69401
exe.unstripped/runner_lib_test,69401
runner_lib_test.build-id.stamp,69401
exe.unstripped/runner_lib_test.rmeta,69401
netstack_dhcp_client_integration_test,69375
exe.unstripped/netstack_dhcp_client_integration_test,69375
netstack_dhcp_client_integration_test.build-id.stamp,69375
exe.unstripped/netstack_dhcp_client_integration_test.rmeta,69375
x64-asan-ubsan/obj/BUILD_DIR/x64-asan-ubsan/gen/src/lib/fidl/llcpp/tests/conformance/conformance_suite__vectors.gidl_generated_conformance_suite__vectors.cc.o,69340
netemul_sandbox_bin_test,69300
exe.unstripped/netemul_sandbox_bin_test,69300
netemul_sandbox_bin_test.build-id.stamp,69300
exe.unstripped/netemul_sandbox_bin_test.rmeta,69300
rust_fidl_microbenchmarks,69153
exe.unstripped/rust_fidl_microbenchmarks,69153
rust_fidl_microbenchmarks.build-id.stamp,69153
exe.unstripped/rust_fidl_microbenchmarks.rmeta,69153
host_x64/assembly_config_bin_test,69041
host_x64/exe.unstripped/assembly_config_bin_test,69041
host_x64/assembly_config_bin_test.build-id.stamp,69041
host_x64/exe.unstripped/assembly_config_bin_test.rmeta,69041
x64-asan-ubsan/obj/BUILD_DIR/fidling/gen/src/tests/fidl/conformance_suite/conformance_fidl/cpp/fidl/test.conformance/cpp/conformance_fidl_cpp.type_conversions.cc.o,69028
host_x64/obj/zircon/system/ulib/ffl/test/ffl-test.ffl_tests.cc.o,69012
host_x64/obj/zircon/system/ulib/fbl/test/fbl-test.intrusive_wavl_tree_tests.cc.o,68990
host_x64-asan-ubsan/obj/BUILD_DIR/host_x64-asan-ubsan/gen/src/lib/fidl/llcpp/tests/conformance/conformance_suite__vectors.gidl_generated_conformance_suite__vectors.cc.o,68719
arm64-shared/obj/src/graphics/lib/magma/src/libmagma/magma_client_temp.o,68691
block_server_integration_tests,68590
exe.unstripped/block_server_integration_tests,68590
block_server_integration_tests.build-id.stamp,68590
exe.unstripped/block_server_integration_tests.rmeta,68590
x64-asan-ubsan/obj/src/ui/tests/integration_input_tests/mouse/mouse-input-test.mouse-input-test.cc.o,68389
fidl_fuchsia_pkg_ext_lib_test,68354
exe.unstripped/fidl_fuchsia_pkg_ext_lib_test,68354
fidl_fuchsia_pkg_ext_lib_test.build-id.stamp,68354
exe.unstripped/fidl_fuchsia_pkg_ext_lib_test.rmeta,68354
wlanix,68338
exe.unstripped/wlanix,68338
wlanix.build-id.stamp,68338
exe.unstripped/wlanix.rmeta,68338
arm64-hwasan-ubsan/obj/src/media/audio/lib/processing/processing.point_sampler.cc.o,68285
obj/src/lib/zxdump/zxdump-unittests.elf-search-tests.cc.o,68205
arm64-hwasan-ubsan-shared/obj/BUILD_DIR/fidling/gen/sdk/fidl/fuchsia.sys2/fuchsia.sys2/cpp/fidl/fuchsia.sys2/cpp/fuchsia.sys2_cpp.natural_messaging.cc.o,68205
x64-asan-ubsan/obj/zircon/system/utest/core/channel/channel.channel.cc.o,68123
arm64-hwasan-ubsan/obj/sdk/lib/c/dlfcn/dl/test/dl-unittests.dl-load-tests-global.cc.o,68016
arm64-hwasan-ubsan/obj/sdk/lib/c/dlfcn/dl/test/dl-unittests.dl-load-tests-tls.cc.o,68001
arm64-hwasan-ubsan-shared/obj/third_party/Vulkan-Utility-Libraries/src/src/vulkan/libvulkan_layer_settings.vk_safe_struct_utils.cpp.o,67968
starnix_memory_attribution,67944
exe.unstripped/starnix_memory_attribution,67944
starnix_memory_attribution.build-id.stamp,67944
exe.unstripped/starnix_memory_attribution.rmeta,67944
netstack_dhcp_integration_test,67934
exe.unstripped/netstack_dhcp_integration_test,67934
netstack_dhcp_integration_test.build-id.stamp,67934
exe.unstripped/netstack_dhcp_integration_test.rmeta,67934
arm64-hwasan-ubsan/obj/src/media/audio/audio_core/testing/integration/hermetic_pipeline_test.hermetic_fidelity_test.cc.o,67689
arm64-hwasan-ubsan/obj/src/firmware/paver/test/abr_test.abr-test.cc.o,67673
intl_wisdom_server_rust_bin_test,67667
exe.unstripped/intl_wisdom_server_rust_bin_test,67667
intl_wisdom_server_rust_bin_test.build-id.stamp,67667
exe.unstripped/intl_wisdom_server_rust_bin_test.rmeta,67667
bt_hfp_lib_test,67627
exe.unstripped/bt_hfp_lib_test,67627
bt_hfp_lib_test.build-id.stamp,67627
exe.unstripped/bt_hfp_lib_test.rmeta,67627
netstack_multicast_forwarding_integration_test,67626
exe.unstripped/netstack_multicast_forwarding_integration_test,67626
netstack_multicast_forwarding_integration_test.build-id.stamp,67626
exe.unstripped/netstack_multicast_forwarding_integration_test.rmeta,67626
x64-asan-ubsan/obj/src/devices/bin/driver_manager/driver_runner.driver_runner.cc.o,67538
system_updater,67452
exe.unstripped/system_updater,67452
system_updater.build-id.stamp,67452
exe.unstripped/system_updater.rmeta,67452
bt_hfp_audio_gateway,67441
exe.unstripped/bt_hfp_audio_gateway,67441
bt_hfp_audio_gateway.build-id.stamp,67441
exe.unstripped/bt_hfp_audio_gateway.rmeta,67441
arm64-hwasan-ubsan/obj/BUILD_DIR/arm64-hwasan-ubsan/gen/src/lib/fidl/llcpp/tests/conformance/conformance_suite__vectors.gidl_generated_conformance_suite__vectors.cc.o,67317
x64-asan-ubsan/obj/BUILD_DIR/fidling/gen/sdk/fidl/fuchsia.hardware.bluetooth/fuchsia.hardware.bluetooth/cpp/fidl/fuchsia.hardware.bluetooth/cpp/fuchsia.hardware.bluetooth_cpp.natural_messaging.cc.o,67316
obj/src/graphics/lib/magma/src/libmagma/magma_client_temp.o,67268
test_vmo_backed_block_server_lib_test,67059
exe.unstripped/test_vmo_backed_block_server_lib_test,67059
test_vmo_backed_block_server_lib_test.build-id.stamp,67059
exe.unstripped/test_vmo_backed_block_server_lib_test.rmeta,67059
x64-asan-ubsan/obj/src/devices/bin/driver_manager/tests/driver_host_runner_test.driver_host_runner_test.cc.o,66974
network_test_realm_integration_test,66742
exe.unstripped/network_test_realm_integration_test,66742
network_test_realm_integration_test.build-id.stamp,66742
exe.unstripped/network_test_realm_integration_test.rmeta,66742
host_x64/netstack3_ip_integration_test,66713
host_x64/exe.unstripped/netstack3_ip_integration_test,66713
host_x64/netstack3_ip_integration_test.build-id.stamp,66713
host_x64/exe.unstripped/netstack3_ip_integration_test.rmeta,66713
arm64-hwasan-ubsan/obj/src/connectivity/wlan/drivers/lib/components/cpp/test/components_test.network_device_test.cc.o,66489
host_x64-asan-ubsan/obj/BUILD_DIR/host_x64-asan-ubsan/gen/sdk/lib/fidl/cpp/tests/conformance/conformance_suite__golden.gidl_generated_conformance_suite__golden.cc.o,66309
arm64-hwasan-ubsan/obj/sdk/lib/ld/test/load-tests.load-tests-deps.cc.o,66261
x64-asan-ubsan/obj/third_party/boringssl/src/crypto/x509/x509_test_crypto_test.x509_test.cc.o,66253
arm64-hwasan-ubsan/obj/zircon/system/utest/core/stream/stream.stream.cc.o,66058
host_x64-asan-ubsan/assembly_config,66050
host_x64-asan-ubsan/exe.unstripped/assembly_config,66050
host_x64-asan-ubsan/assembly_config.build-id.stamp,66050
host_x64-asan-ubsan/exe.unstripped/assembly_config.rmeta,66050
arm64-novariant/obj/src/starnix/lib/linux_uapi/linux_uapi.actual/liblinux_uapi.rlib,65989
arm64-novariant/obj/src/starnix/lib/linux_uapi/linux_uapi.actual/liblinux_uapi.rmeta,65989
netstack2_inspect_tests,65983
exe.unstripped/netstack2_inspect_tests,65983
netstack2_inspect_tests.build-id.stamp,65983
exe.unstripped/netstack2_inspect_tests.rmeta,65983
arm64-hwasan-ubsan/obj/sdk/lib/driver/power/cpp/power-test.power-support-tests.cc.o,65977
driver_tools_lib_test,65913
exe.unstripped/driver_tools_lib_test,65913
driver_tools_lib_test.build-id.stamp,65913
exe.unstripped/driver_tools_lib_test.rmeta,65913
arm64-hwasan-ubsan/obj/sdk/lib/ld/test/load-tests.load-tests-llvm-profdata.cc.o,65849
arm64-hwasan-ubsan/obj/src/media/audio/audio_core/audio_core_unittests.reporter_unittest.cc.o,65821
obj/src/starnix/modules/perfetto_consumer/lib/perfetto/perfetto_trace_protos.actual/libperfetto_trace_protos.rlib,65722
obj/src/starnix/modules/perfetto_consumer/lib/perfetto/perfetto_trace_protos.actual/libperfetto_trace_protos.rmeta,65722
wlandevicemonitor_bin_test,65643
exe.unstripped/wlandevicemonitor_bin_test,65643
wlandevicemonitor_bin_test.build-id.stamp,65643
exe.unstripped/wlandevicemonitor_bin_test.rmeta,65643
arm64-hwasan-ubsan/obj/BUILD_DIR/fidling/gen/src/tests/fidl/compatibility/fidl/fidl_service/cpp/fidl/fidl.test.compatibility/cpp/fidl_service_cpp.natural_messaging.cc.o,65607
arm64-hwasan-ubsan/obj/zircon/system/utest/core/socket/socket.socket.cc.o,65594
arm64-hwasan-ubsan/obj/sdk/lib/driver/metadata/cpp/tests/metadata_server_test.metadata_server_test.cc.o,65528
verify_wlan_inspect_test_suite,65496
exe.unstripped/verify_wlan_inspect_test_suite,65496
verify_wlan_inspect_test_suite.build-id.stamp,65496
exe.unstripped/verify_wlan_inspect_test_suite.rmeta,65496
arm64-hwasan-ubsan/obj/BUILD_DIR/fidling/gen/sdk/fidl/fuchsia.audio.device/fuchsia.audio.device/cpp/fidl/fuchsia.audio.device/cpp/fuchsia.audio.device_cpp.natural_messaging.cc.o,65395
cpu_manager_bin_test,65235
exe.unstripped/cpu_manager_bin_test,65235
cpu_manager_bin_test.build-id.stamp,65235
exe.unstripped/cpu_manager_bin_test.rmeta,65235
x64-novariant/obj/src/starnix/modules/perfetto_consumer/lib/perfetto/perfetto_trace_protos.actual/libperfetto_trace_protos.rlib,65103
x64-novariant/obj/src/starnix/modules/perfetto_consumer/lib/perfetto/perfetto_trace_protos.actual/libperfetto_trace_protos.rmeta,65103
netstack_routes_fidl_test,65028
exe.unstripped/netstack_routes_fidl_test,65028
netstack_routes_fidl_test.build-id.stamp,65028
exe.unstripped/netstack_routes_fidl_test.rmeta,65028
arm64-hwasan-ubsan/obj/sdk/lib/ld/test/load-tests.load-tests-basic.cc.o,64986
arm64-hwasan-ubsan/obj/BUILD_DIR/arm64-hwasan-ubsan/gen/sdk/lib/fidl/cpp/tests/conformance/conformance_suite__padding.gidl_generated_conformance_suite__padding.cc.o,64969
bt_hfp_hands_free_bin_test,64958
exe.unstripped/bt_hfp_hands_free_bin_test,64958
bt_hfp_hands_free_bin_test.build-id.stamp,64958
exe.unstripped/bt_hfp_hands_free_bin_test.rmeta,64958
arm64-hwasan-ubsan/obj/src/ui/scenic/lib/flatland/engine/tests/pixeltests/flatland_display_compositor_pixeltests.display_compositor_pixeltest.cc.o,64916
arm64-hwasan-ubsan/obj/third_party/scudo/src/tests/unittests.scudo.combined_test.cpp.o,64857
arm64-hwasan-ubsan/obj/src/media/audio/services/device_registry/audio_services_device_registry_unittests.device_unittest.cc.o,64855
arm64-hwasan-ubsan/obj/zircon/system/ulib/sysconfig-client/test/sysconfig-sync-client-test.sync-client-test.cc.o,64793
zircon_transport_rust_child_test,64767
exe.unstripped/zircon_transport_rust_child_test,64767
zircon_transport_rust_child_test.build-id.stamp,64767
exe.unstripped/zircon_transport_rust_child_test.rmeta,64767
x64-novariant/obj/src/storage/fxfs/lib.actual/libfxfs.rlib,64698
x64-novariant/obj/src/storage/fxfs/lib.actual/libfxfs.rmeta,64698
bt_a2dp,64676
exe.unstripped/bt_a2dp,64676
bt_a2dp.build-id.stamp,64676
exe.unstripped/bt_a2dp.rmeta,64676
base_resolver_fake_dependencies_bin,64635
exe.unstripped/base_resolver_fake_dependencies_bin,64635
base_resolver_fake_dependencies_bin.build-id.stamp,64635
exe.unstripped/base_resolver_fake_dependencies_bin.rmeta,64635
x64-asan-ubsan-shared/obj/BUILD_DIR/fidling/gen/sdk/fidl/fuchsia.component/fuchsia.component/cpp/fidl/fuchsia.component/cpp/fuchsia.component_cpp.natural_messaging.cc.o,64619
memory_monitor2_bin_test,64569
exe.unstripped/memory_monitor2_bin_test,64569
memory_monitor2_bin_test.build-id.stamp,64569
exe.unstripped/memory_monitor2_bin_test.rmeta,64569
arm64-shared/obj/BUILD_DIR/fidling/gen/sdk/fidl/fuchsia.posix.socket/fuchsia.posix.socket/cpp/fidl/fuchsia.posix.socket/cpp/fuchsia.posix.socket_cpp.natural_types.cc.o,64568
fuchsia_component_test_tests_bin,64520
exe.unstripped/fuchsia_component_test_tests_bin,64520
fuchsia_component_test_tests_bin.build-id.stamp,64520
exe.unstripped/fuchsia_component_test_tests_bin.rmeta,64520
arm64-hwasan-ubsan/obj/src/connectivity/ethernet/drivers/usb-cdc-function/usb-cdc-function-common.usb-cdc-function.cc.o,64503
arm64-hwasan-ubsan/obj/src/ui/tests/integration_input_tests/virtual-keyboard/virtual-keyboard-test.virtual-keyboard-test.cc.o,64497
obj/BUILD_DIR/fidling/gen/src/tests/benchmarks/fidl/benchmark_suite/benchmark_suite_fidl/cpp/fidl/test.benchmarkfidl/cpp/benchmark_suite_fidl_cpp.type_conversions.cc.o,64475
bt_le_integration_tests,64445
exe.unstripped/bt_le_integration_tests,64445
bt_le_integration_tests.build-id.stamp,64445
exe.unstripped/bt_le_integration_tests.rmeta,64445
arm64-hwasan-ubsan-shared/obj/BUILD_DIR/fidling/gen/sdk/fidl/fuchsia.component.decl/fuchsia.component.decl/cpp/fidl/fuchsia.component.decl/cpp/fuchsia.component.decl_cpp.natural_types.cc.o,64404
arm64-hwasan-ubsan/obj/zircon/system/ulib/image-format/test/image-format-test.image-format-test.cc.o,64325
x64-asan-ubsan/obj/src/ui/scenic/lib/flatland/engine/tests/pixeltests/flatland_display_compositor_pixeltests.display_compositor_pixeltest.cc.o,64246
archivist_logging_e2e_benchmarks,64228
exe.unstripped/archivist_logging_e2e_benchmarks,64228
archivist_logging_e2e_benchmarks.build-id.stamp,64228
exe.unstripped/archivist_logging_e2e_benchmarks.rmeta,64228
arm64-hwasan-ubsan-shared/obj/src/ui/scenic/bin/libscenic.app.cc.o,64165
x64-asan-ubsan/obj/src/connectivity/ethernet/drivers/virtio/virtio-netdevice-test.netdevice_test.cc.o,64096
fuchsia_inspect_lib_test,64040
exe.unstripped/fuchsia_inspect_lib_test,64040
fuchsia_inspect_lib_test.build-id.stamp,64040
exe.unstripped/fuchsia_inspect_lib_test.rmeta,64040
host_x64-asan-ubsan/obj/third_party/grpc/src/src/core/ext/transport/chttp2/transport/libgrpc++_cc.http2_client_transport.cc.o,63887
arm64-hwasan-ubsan/obj/BUILD_DIR/arm64-hwasan-ubsan/gen/sdk/ctf/tests/pkg/fidl/cpp/conformance_suite__transformer1.gidl_generated_conformance_suite__transformer1.cc.o,63876
host_x64/assembly_config,63635
host_x64/exe.unstripped/assembly_config,63635
host_x64/assembly_config.build-id.stamp,63635
host_x64/exe.unstripped/assembly_config.rmeta,63635
arm64-hwasan-ubsan/obj/src/media/audio/services/device_registry/audio_services_device_registry_warning_unittests.control_server_warning_unittest.cc.o,63615
arm64-hwasan-ubsan/obj/src/sys/fuzzing/realmfuzzer/engine/engine-lib.runner.cc.o,63579
policy_reachability_integration_test,63558
exe.unstripped/policy_reachability_integration_test,63558
policy_reachability_integration_test.build-id.stamp,63558
exe.unstripped/policy_reachability_integration_test.rmeta,63558
x64-asan-ubsan/obj/zircon/system/utest/core/vmo/vmo.vmo-clone2.cc.o,63508
http_client_bin_test,63459
exe.unstripped/http_client_bin_test,63459
http_client_bin_test.build-id.stamp,63459
exe.unstripped/http_client_bin_test.rmeta,63459
wlanif_test,63433
exe.unstripped/wlanif_test,63433
wlanif_test.build-id.stamp,63433
exe.unstripped/wlanif_test.rmeta,63433
host_x64-asan-ubsan/obj/third_party/github.com/simdutf/simdutf/src/src/simdutf.simdutf.cpp.o,63386
system_activity_governor_test,63365
exe.unstripped/system_activity_governor_test,63365
system_activity_governor_test.build-id.stamp,63365
exe.unstripped/system_activity_governor_test.rmeta,63365
arm64-hwasan-ubsan/obj/BUILD_DIR/fidling/gen/sdk/fidl/fuchsia.wlan.softmac/fuchsia.wlan.softmac/cpp/fidl/fuchsia.wlan.softmac/cpp/fuchsia.wlan.softmac_cpp.natural_messaging.cc.o,63271
arm64-hwasan-ubsan/obj/BUILD_DIR/fidling/gen/sdk/fidl/fuchsia.media/fuchsia.media/cpp/fidl/fuchsia.media/cpp/fuchsia.media_cpp.natural_types.cc.o,63190
obj/sdk/lib/ld/test/load-tests.load-tests-failure.cc.o,62991
sharding_integration_test,62989
exe.unstripped/sharding_integration_test,62989
sharding_integration_test.build-id.stamp,62989
exe.unstripped/sharding_integration_test.rmeta,62989
obj/src/devices/bin/driver_manager/tests/driver_runner_test.driver_runner_test.cc.o,62947
x64-asan-ubsan/obj/sdk/lib/fidl_driver/tests/transport/fidl_driver_wire_unknown_interactions_driver_test_bin.wire_unknown_interactions_driver_test.cc.o,62819
intl_wisdom_test,62714
exe.unstripped/intl_wisdom_test,62714
intl_wisdom_test.build-id.stamp,62714
exe.unstripped/intl_wisdom_test.rmeta,62714
arm64-hwasan-ubsan/obj/BUILD_DIR/fidling/gen/sdk/fidl/fuchsia.posix.socket.raw/fuchsia.posix.socket.raw/cpp/fidl/fuchsia.posix.socket.raw/cpp/fuchsia.posix.socket.raw_cpp.natural_messaging.cc.o,62673
arm64-hwasan-ubsan/obj/zircon/system/utest/core/iob/iob.iob.cc.o,62562
wlan_fullmac_mlme_lib_test,62506
exe.unstripped/wlan_fullmac_mlme_lib_test,62506
wlan_fullmac_mlme_lib_test.build-id.stamp,62506
exe.unstripped/wlan_fullmac_mlme_lib_test.rmeta,62506
arm64-shared/obj/src/connectivity/wlan/drivers/wlansoftmac/rust_driver/c-binding/lib_wlansoftmac_c_rustc_static.a,62454
arm64-shared/obj/src/connectivity/wlan/drivers/wlansoftmac/rust_driver/c-binding/lib_wlansoftmac_c_rustc_static.rmeta,62454
obj/BUILD_DIR/fidling/gen/src/tests/benchmarks/fidl/benchmark_suite/benchmark_suite_fidl_union/cpp/fidl/test.benchmarkfidlunion/cpp/benchmark_suite_fidl_union_cpp.natural_ostream.cc.o,62417
fxfs_crypt_common_lib_test,62377
exe.unstripped/fxfs_crypt_common_lib_test,62377
fxfs_crypt_common_lib_test.build-id.stamp,62377
exe.unstripped/fxfs_crypt_common_lib_test.rmeta,62377
arm64-hwasan-ubsan/obj/src/ui/scenic/lib/flatland/engine/tests/pixeltests/flatland_display_compositor_pixeltests_with_fake_display.display_compositor_pixeltest.cc.o,62347
arm64-hwasan-ubsan/obj/src/devices/bin/driver_loader/driver_loader.loader.cc.o,62343
arm64-novariant/obj/src/starnix/modules/perfetto_consumer/lib/perfetto/perfetto_trace_protos.actual/libperfetto_trace_protos.rlib,62312
arm64-novariant/obj/src/starnix/modules/perfetto_consumer/lib/perfetto/perfetto_trace_protos.actual/libperfetto_trace_protos.rmeta,62312
x64-asan-ubsan/pkg_resolver_lib_test,62304
x64-asan-ubsan/exe.unstripped/pkg_resolver_lib_test,62304
x64-asan-ubsan/pkg_resolver_lib_test.build-id.stamp,62304
x64-asan-ubsan/exe.unstripped/pkg_resolver_lib_test.rmeta,62304
arm64-hwasan-ubsan/obj/BUILD_DIR/fidling/gen/sdk/fidl/fuchsia.component.test/fuchsia.component.test/cpp/fidl/fuchsia.component.test/cpp/fuchsia.component.test_cpp.natural_messaging.cc.o,62299
httpsdate_time_source,62295
exe.unstripped/httpsdate_time_source,62295
httpsdate_time_source.build-id.stamp,62295
exe.unstripped/httpsdate_time_source.rmeta,62295
driver_transport_rust_next_parent_test,62232
exe.unstripped/driver_transport_rust_next_parent_test,62232
driver_transport_rust_next_parent_test.build-id.stamp,62232
exe.unstripped/driver_transport_rust_next_parent_test.rmeta,62232
fidl_rust_conformance_tests,62222
exe.unstripped/fidl_rust_conformance_tests,62222
fidl_rust_conformance_tests.build-id.stamp,62222
exe.unstripped/fidl_rust_conformance_tests.rmeta,62222
x64-asan-ubsan/obj/src/connectivity/network/tests/socket/netstack_bsdsocket_test.bsdsocket_test.cc.o,62130
iquery_lib_test,62125
exe.unstripped/iquery_lib_test,62125
iquery_lib_test.build-id.stamp,62125
exe.unstripped/iquery_lib_test.rmeta,62125
super_parser_test,62121
exe.unstripped/super_parser_test,62121
super_parser_test.build-id.stamp,62121
exe.unstripped/super_parser_test.rmeta,62121
arm64-hwasan-ubsan-shared/obj/src/devices/bus/drivers/platform/common.platform-bus.cc.o,62094
x64-asan-ubsan/obj/src/ui/scenic/lib/flatland/renderer/tests/flatland_renderer_unittests.renderer_unittest.cc.o,62091
host_x64/gen/src/performance/lib/fxt/rust/tests/goldens/goldens.verified,62039
obj/src/ui/tests/integration_input_tests/virtual-keyboard/virtual-keyboard-test.virtual-keyboard-test.cc.o,61961
go_runner_integration_test,61959
exe.unstripped/go_runner_integration_test,61959
go_runner_integration_test.build-id.stamp,61959
exe.unstripped/go_runner_integration_test.rmeta,61959
debug_agent,61955
exe.unstripped/debug_agent,61955
debug_agent.build-id.stamp,61955
x64-asan-ubsan/obj/src/ui/tests/integration_input_tests/virtual-keyboard/virtual-keyboard-test.virtual-keyboard-test.cc.o,61940
fvm_rust_test,61907
exe.unstripped/fvm_rust_test,61907
fvm_rust_test.build-id.stamp,61907
exe.unstripped/fvm_rust_test.rmeta,61907
host_x64-asan-ubsan/obj/src/lib/elfldltl/test/elfldltl-unittests.dwarf-tests.cc.o,61702
x64-shared/obj/BUILD_DIR/fidling/gen/sdk/fidl/fuchsia.posix.socket/fuchsia.posix.socket/cpp/fidl/fuchsia.posix.socket/cpp/fuchsia.posix.socket_cpp.natural_types.cc.o,61701
go_test_runner_bin_test,61693
exe.unstripped/go_test_runner_bin_test,61693
go_test_runner_bin_test.build-id.stamp,61693
exe.unstripped/go_test_runner_bin_test.rmeta,61693
arm64-hwasan-ubsan/obj/third_party/gvisor_syscall_tests/gvisor/test/syscalls/linux/tcp_socket_tests.tcp_socket.cc.o,61629
arm64-hwasan-ubsan/obj/src/starnix/lib/linux_uapi/linux_uapi.actual/liblinux_uapi.rlib,61612
arm64-hwasan-ubsan/obj/src/starnix/lib/linux_uapi/linux_uapi.actual/liblinux_uapi.rmeta,61612
timekeeper_bin_test,61524
exe.unstripped/timekeeper_bin_test,61524
timekeeper_bin_test.build-id.stamp,61524
exe.unstripped/timekeeper_bin_test.rmeta,61524
cargo/generate_cargo.stamp,61355
arm64-novariant/obj/src/storage/fxfs/platform/platform_testing.actual/libfxfs_platform_testing.rlib,61307
arm64-novariant/obj/src/storage/fxfs/platform/platform_testing.actual/libfxfs_platform_testing.rmeta,61307
arm64-hwasan-ubsan/obj/src/devices/bin/driver_manager/driver_runner.driver_runner.cc.o,61299
host_x64/obj/BUILD_DIR/host_x64/gen/sdk/lib/fidl/cpp/tests/conformance/conformance_suite__padding.gidl_generated_conformance_suite__padding.cc.o,61210
obj/examples/fidl/new/key_value_store/support_trees/test/test/runner_bin,61090
obj/examples/fidl/new/key_value_store/support_trees/test/test/exe.unstripped/runner_bin,61090
obj/examples/fidl/new/key_value_store/support_trees/test/test/runner_bin.build-id.stamp,61090
obj/examples/fidl/new/key_value_store/support_trees/test/test/exe.unstripped/runner_bin.rmeta,61090
test_manager,61089
exe.unstripped/test_manager,61089
test_manager.build-id.stamp,61089
exe.unstripped/test_manager.rmeta,61089
obj/BUILD_DIR/fidling/gen/sdk/fidl/fuchsia.posix.socket/fuchsia.posix.socket/hlcpp/fuchsia/posix/socket/cpp/fuchsia.posix.socket_hlcpp.fidl.cc.o,60987
arm64-hwasan-ubsan/obj/BUILD_DIR/fidling/gen/sdk/fidl/fuchsia.hardware.bluetooth/fuchsia.hardware.bluetooth/cpp/fidl/fuchsia.hardware.bluetooth/cpp/fuchsia.hardware.bluetooth_cpp.natural_messaging.cc.o,60981
linux_arm64-novariant/obj/src/starnix/lib/linux_uapi/linux_uapi.actual/liblinux_uapi.rlib,60947
linux_arm64-novariant/obj/src/starnix/lib/linux_uapi/linux_uapi.actual/liblinux_uapi.rmeta,60947
obj/src/starnix/lib/linux_uapi/linux_uapi.actual/liblinux_uapi.rlib,60936
obj/src/starnix/lib/linux_uapi/linux_uapi.actual/liblinux_uapi.rmeta,60936
x64-asan-ubsan/obj/sdk/lib/driver_test_realm/fake_resolver.fake_resolver.cc.o,60807
obj/src/devices/bin/driver_manager/driver_runner.node.cc.o,60762
arm64-hwasan-ubsan/obj/BUILD_DIR/fidling/gen/sdk/fidl/fuchsia.component.decl/fuchsia.component.decl/hlcpp/fuchsia/component/decl/cpp/fuchsia.component.decl_hlcpp.fidl.cc.o,60713
obj/BUILD_DIR/fidling/gen/src/tests/benchmarks/fidl/benchmark_suite/benchmark_suite_fidl_union/cpp/fidl/test.benchmarkfidlunion/cpp/benchmark_suite_fidl_union_cpp.type_conversions.cc.o,60682
gen/src/performance/lib/fxt/rust/tests/goldens/goldens.verified,60663
arm64-hwasan-ubsan-shared/obj/src/connectivity/wlan/tests/helpers/testcontroller-driver/testcontroller_driver.driver.cc.o,60592
host_x64/ffx_target_lib_test,60542
host_x64/exe.unstripped/ffx_target_lib_test,60542
host_x64/ffx_target_lib_test.build-id.stamp,60542
host_x64/exe.unstripped/ffx_target_lib_test.rmeta,60542
x64-asan-ubsan/obj/BUILD_DIR/fidling/gen/sdk/fidl/fuchsia.component/fuchsia.component/cpp/fidl/fuchsia.component/cpp/fuchsia.component_cpp.natural_messaging.cc.o,60456
arm64-hwasan-ubsan/obj/src/connectivity/network/netstack3/core/tcp/netstack3-tcp-instrumented/netstack3_tcp_lib_test,60453
arm64-hwasan-ubsan/obj/src/connectivity/network/netstack3/core/tcp/netstack3-tcp-instrumented/exe.unstripped/netstack3_tcp_lib_test,60453
arm64-hwasan-ubsan/obj/src/connectivity/network/netstack3/core/tcp/netstack3-tcp-instrumented/netstack3_tcp_lib_test.build-id.stamp,60453
arm64-hwasan-ubsan/obj/src/connectivity/network/netstack3/core/tcp/netstack3-tcp-instrumented/exe.unstripped/netstack3_tcp_lib_test.rmeta,60453
linux_arm64/obj/src/starnix/lib/linux_uapi/linux_uapi.actual/liblinux_uapi.rlib,60395
linux_arm64/obj/src/starnix/lib/linux_uapi/linux_uapi.actual/liblinux_uapi.rmeta,60395
arm64-hwasan-ubsan-shared/obj/BUILD_DIR/fidling/gen/sdk/fidl/fuchsia.posix.socket.raw/fuchsia.posix.socket.raw/cpp/fidl/fuchsia.posix.socket.raw/cpp/fuchsia.posix.socket.raw_cpp.natural_messaging.cc.o,60384
arm64-hwasan-ubsan/obj/src/media/audio/drivers/tests/audio_driver_tests.admin_test.cc.o,60354
reachability_core_lib_test,60348
exe.unstripped/reachability_core_lib_test,60348
reachability_core_lib_test.build-id.stamp,60348
exe.unstripped/reachability_core_lib_test.rmeta,60348
fidling/gen/sdk/fidl/fuchsia.media/fuchsia.media/python/fidl_fuchsia_media/__init__.py,60220
bt-cli,60105
exe.unstripped/bt-cli,60105
bt-cli.build-id.stamp,60105
exe.unstripped/bt-cli.rmeta,60105
rive,60006
exe.unstripped/rive,60006
rive.build-id.stamp,60006
exe.unstripped/rive.rmeta,60006
